CASE,QUESTNNR,STARTED,AA03,AA04,AA07_01,CC01_01,CC01_02,CC01_03,CC03_01,DD01,DD08_01,DD09_01,DD10_01,DD10_02,DD10_03,DD10_04,DD10_05,DD11_01,DD11_02,DD11_03,DD02_01,DD02_02,DD02_03,DD12_01,DD12_02,DD13_02,DD13_03,DD13_05,AB05,AB06_01,ZZ01_CP,Zufallsgenerator,LL02_01,LL02_02,LL02_03,LL02_04,LL02_05,LL04_01,LL04_02,LL04_03,TIME001,TIME002,TIME003,TIME004,TIME005,TIME006,TIME007,TIME008,TIME_SUM,LASTDATA,FINISHED,LASTPAGE,MAXPAGE,MISSING,MISSREL,TIME_RSI,DEG_TIME
329,SE,3/3/2021 14:22,2,2,Oberschule zum Dom,,,,,2,"""Die Erde sei Flach""
""USA versteckt Aliens""
""ALiens sind unter uns""
""Mondlandung fake""
""Nasa faked alles""
""Menschen unter der Erdkruste""
""Corona ist eine Lüge""
","Sie ergeben oft keinen Sinn und sind einfach falsch.
",,3,2,1,,1,2,1,,3,3,2,,4,5,,2,16,3,2,,,,,,,,,89,40,45,71,22,110,33,57,467,3/3/2021 14:30,1,8,8,0,0,"1,24",17
331,SE,3/3/2021 14:22,2,2,Oberschule zum Dom,,,,,2,kenne keine,"keine Klare bestätigung der Ereignisse
",2,2,2,3,2,1,1,2,4,3,2,5,4,,2,,1,15,4,2,,,,,,,,,142,30,29,53,40,24,40,43,401,3/3/2021 14:29,1,8,8,0,0,"1,4",57
333,SE,3/3/2021 14:22,2,2,Oberschule zum Dom ,,,,,2,"- 11. September 
- Erde ist eine Scheibe ",Das man die nicht wirklich beweisen kann ,,3,2,3,,1,1,1,3,3,4,3,3,3,3,,1,15,5,2,,,,,,,,,124,26,37,68,17,73,27,73,445,3/3/2021 14:30,1,8,8,0,0,"1,42",31
346,SE,3/5/2021 7:34,2,3,Detlefsengymnasium Glückstadt,,,,,2,"Die Rotschildfamilie - Eine Reiche Familie, die die Weltherrschaft übernehmen will

Pizza Gate - Stars wie z.B Barack Obama würden Kindern ein Hormon (Adrenochrom) aus dem Körper entnehmen und dann trinken. Es soll wohl ein satanistisches Ritual sein

Merkel ist Hitlers Tochter

 ",#NAME?,3,5,4,4,,2,4,3,5,4,3,5,5,3,4,2,1,18,9,2,,,,,,,,,136,63,49,72,13,218,105,73,729,3/5/2021 7:46,1,8,8,0,0,"0,85",4
350,SE,3/5/2021 7:34,2,3,Detlefsengymnasium Glückstadt,,,,,2,"Reptiloide/Echsenmenschen- Politiker und Prominente sind eigentlich eine Art Echse und kontrollieren die Welt
- Die Pyramiden wurden von Aliens gebaut
Qanon- es gibt eine satanistische Elite, welche Kinder entführt und sie ermordet, um sich aus ihrem Blut einen Verjüngungstrank herzustellen. Zu den Verschwörern gehören z.B Obama und Clinton
Pizzagate- Die oben beschreibene Elite hat einen Kinderhandelsring zur Prostitution
-Die Nazis haben eine Station hinter dem Mond
Neuschwabenland- Die Nazis haben eine Geheimbasis in der Antarktis
- Hitler ist nie gestorben und lebt nun in Argentinien
","Es gibt immer ein ""gut"" und ""böse""
Es wird oft etwas beschrieben, was mit einer Elite oder der Weltherrschaft zutun hat
Es hat sich oft, eine Übermächtige Gruppe verschwört
Es werden oft Minderheiten behandelt",4,4,4,2,5,2,4,4,5,4,3,5,5,5,4,2,1,17,10,2,,,,,,,,,82,114,26,45,8,376,95,28,695,3/5/2021 7:47,1,8,8,0,0,"1,23",19
368,SE,3/5/2021 7:35,2,3,Detlefsengymnasium Glückstadt,,,,,2,"QAnon: Die Anhänger bezeichnen es als einen Weltrettungskult, der ihrer Meinung nach von Trump angeführt wird. Er heizt das ganze auch weiter an. Sie sind davon überzeugt, dass Trup derjenige ist, der die Menschheit retten wird. QAnon interpretiert zum Beispiel Gesten, Zahlenfolgen von irgendwelchen Prominenten oder Politikern.","Bei Verschwörungstheorien wird behauptet, dass es gut und böse, aber nichts dazwischen gibt. Sie wollen die Menschheit von etwas überreden. Manchmal auch Weltrettungskults.",2,,,3,,2,2,4,4,,,5,5,4,5,,1,17,16,2,,,,,,,,,173,40,45,69,13,329,129,60,858,3/5/2021 7:49,1,8,8,0,0,"0,84",4
375,SE,3/5/2021 9:20,2,3,Detlefsengymnasium Glückstadt,,,,,2,"- Q-Anon: eine angebliche ""Elite"" quäle Kinder und trinke deren Blut, um Jugend zu erlangen (Dieser Mythos ist vermutlich durch die Ritualmordlegende inspiriert.)
- Bill Gates wolle Kontrolle über die Weltbevölkerung erlangen, indem er durch Impfungen Chips in Menschen implantiert   ","- wissenschaftliche Fakten werden ignoriert
- überall werden Zusammenhänge erkannt
- es geht gegen eine bestimmte Person/Gruppe von Personen
- diejenigen, die an eine Verschwörungstheorie glauben, sind der Meinung, dass nur sie etwas wirklich verstanden haben und nun alle anderen aufklären müssen
- Widersprüche innerhalb eines Verschwörungsmythos' werden nicht bemerkt  ",2,4,3,4,3,3,3,3,5,4,4,4,4,4,4,2,1,17,19,2,,,,,,,,,92,38,31,41,30,283,338,33,648,3/5/2021 9:34,1,8,8,0,0,"0,94",6
376,SE,3/5/2021 9:20,2,3,Detlefsengymnasium Glückstadt,,,,,2,"Ich weiß keine genauen Namen, aber mir fallen zwei Theorien zum aktuellen Thema ein:

-Impfungen enthalten Mikrochips, die unter der Haut eingesetzt werden und die Menschen überwachen sollen

-die Pandemie gibt es nicht, die Schließungen von Läden, Schulen, Freizeitbeschäftigung und die Kontaktbeschränkung, also die gesamten Lockdowns sind ein Test, um zu sehen, wie wir Menschen in einer ""wirklichen"" Pandemie handeln würden und wie weit wir gehen können


",#NAME?,3,2,,2,,1,2,1,4,,,2,3,4,,,1,17,20,2,,,,,,,,,170,51,44,104,31,382,159,59,1000,3/5/2021 9:36,1,8,8,0,0,"0,64",0
378,SE,3/5/2021 9:20,2,3,Detlefsengymnasium Glückstadt,,,,,2,"QAnon

ChemTrails

Ritualmordlegende: Juden würden in der Osterzeit Kinder töten und trinken deren Blut:

Illuminaten: Ist eigentlich ein Geheimbund, der aufklären wollte, doch die Menschen denken, dass sie die Weltherrschaft wollen

Bill Gates: Bill Gates würde die Menschen mit Impfstoff und Chips kontrollieren wollen -> Corona

Die Erde sei flach. ",#NAME?,3,4,3,2,3,2,2,2,4,3,3,4,5,5,5,3,1,17,21,2,,,,,,,,,101,76,81,102,48,499,145,93,1030,3/5/2021 9:39,1,8,8,0,0,"0,54",0
380,SE,3/5/2021 9:20,2,3,Detlefsengymnasium,,,,,2,"Die Verschwörungstheorien rund um Q-Anon. (Deep-State, etc.) Außerdem die ""Election fraud""- Theorie von Donald J. Trump.
Weitere Verschwörungstheorien rund um die Freimaurer. (oft jüdisch-masonische Verschwörungstheorien; P2-Loge, etc.)
Verschwörungstheorien, die in manchen New religious movements verbreitet werden. (Mankind United, etc.)
","Klare Unterteilung in Gut (Verschwörungstheoretiker) und Böse (Verschwörer).
Erklärungen für bestimmte Phänomene/Ereignisse/Gegebenheiten > ein Gefühl der Überlegenheit wird bei den Verschwörungstheoretikern ausgelöst, da sie die ""bösen"" Machenschaften ""entlarvt"" haben.
Es muss eine klar definierbare Gruppe geben, die schuldig ist (z.B. Demokraten, Freimaurer, Juden).
Geheimniskrämerei; die angeblichen Verschwörer arbeiten im Verborgenen, aber auch die Verschwörungstheoretiker legen nicht alles offen (z.B. die Identität von Q).
unterschiedliche Ereignisse hängen zusammen (z.B. JFKs Tod und die Mondlandung).
Verschwörungstheoretiker schotten sich teilweise oder vollkommen von der Außenwelt ab. Sie verbringen viel zeit in Chat-Gruppen oder informieren sich nur mit Hilfe von ihnen bekannten Medien, die ihre Meinung teilen.",4,4,3,1,2,2,4,3,5,3,3,5,5,4,,,-9,17,22,2,,,,,,,,,118,20,36,101,17,351,429,137,789,3/5/2021 9:40,1,8,8,4,4,"0,8",6
385,SE,3/5/2021 9:20,2,3,Detlefsengymnasium Glückstadt,,,,,2,"- Klimawandelleugnung
-QAnon (-> Adrenochrom)
- Covid9 Leugnung
- Manipulierte Wahlen (z.B. USA)
-Area 51
- ","- Verschwörer*innen machen andere Menschen für gewisse Dinge verantwortlich
-  Verschwörer*innen suchen ""Beweise"", die auf ihre Theorien hinweisen
          -> es gibt keine Zufälle, alles passiert aus einem Grund
- Es gibt für Verschwörungstheoretiker*innen nur Gut oder Böse, nichts dazwischen
",2,4,3,2,4,3,2,3,4,4,3,4,4,4,4,,1,16,24,2,,,,,,,,,116,35,38,56,24,189,307,91,856,3/5/2021 9:34,1,8,8,0,0,"0,81",1
386,SE,3/5/2021 9:20,2,3,Detlefsengymnasium Glückstadt,,,,,2,"- 9/11
-area 51
- Corona-Leugner
- Echsenmenschen
- Aliens
-Angela Merkel
-JFK
- Andere Mächte",Sie sind alle nicht bewiesen. Es richtet sich gegen die breite Masse.,2,4,4,2,2,1,2,2,3,3,3,4,4,4,4,4,1,17,25,2,,,,,,,,,138,48,46,158,30,120,163,76,684,3/5/2021 9:33,1,8,8,0,0,"0,75",4
388,SE,3/5/2021 9:20,2,3,Detlefsengymnasium Glückstadt,,,,,2,"- Bill Gates implantiere Chips zur z.B. die Corona-Impfstoffe
- Camp Trails, also die Kondensstreifen von Flugzeugen, sprühten von der Regierung angeordnet Substanzen in unsere Luft
- die Erde sei Flach
- Q-Anon-Anhänger denken, dass es eine High-Society Verschwörung von Politikern und reichen Leuten gäbe
- Freimaurer sollen bei ihren Treffen geheime Informationen und Verschwörungen ausgetauscht haben
- Politiker nähmen Adrenochrom, eine Droge aus Kinderblut
- laut der Ritualmordlegende opfern Juden christliche Kinder dem Teufel und trinken ihr Blut
- Reichsbürger glauben, der Deutsche Staat existiere nicht
- laut den gefäschten ""Protokollen der Weisen von Zion"" gibt es eine jüdische Weltverschwörung",#NAME?,3,4,3,2,2,3,4,3,4,4,3,4,4,4,4,2,1,17,26,2,,,,,,,,,108,101,69,153,38,633,111,49,1106,3/5/2021 9:41,1,8,8,0,0,"0,59",0
409,SE,3/10/2021 12:27,2,2,Oberschule zum Dom ,,,,,2,#NAME?,#NAME?,2,,3,2,,1,,2,4,,3,3,4,4,,,1,16,34,2,,,,,,,,,170,80,209,125,50,166,60,154,657,3/10/2021 12:44,1,8,8,0,0,"0,64",5
412,SE,3/10/2021 12:28,2,2,Oberschule zum Dom,,,,,2,"Hexenverfolgung, Area 51, COVID9","Eine angeblich geheime Verschwörung, eine Gruppe von Verschwörern(die Bösen), Verschwörungstheoretiker(die Guten), es gibt keine Zufälle",2,4,,3,2,1,2,2,5,4,2,3,4,,4,,1,16,36,2,,,,,,,,,144,30,27,80,17,173,216,56,743,3/10/2021 12:40,1,8,8,0,0,"0,93",5
417,SE,3/10/2021 12:28,2,2,Oberschule zum Dom Lübeck,,,,,2,"Nur die Verschwörungstheorie bei der die Verschörungstheoretiker meinen das es Corona nicht gibt und sie meinen das der Staat, ... sich das nur ausgedacht haben (aus verschiedenen Gründen)",#NAME?,3,3,,2,3,1,2,1,5,,,4,4,,5,,1,15,38,2,,,,,,,,,132,45,35,58,18,166,125,80,659,3/10/2021 12:39,1,8,8,0,0,"0,89",3
425,SE,3/10/2021 12:28,2,2,Oberschule zum Dom,,,,,2,#NAME?,#NAME?,2,2,2,4,3,2,3,3,4,3,3,4,4,4,4,,1,15,42,2,,,,,,,,,86,34,89,35,16,292,208,30,735,3/10/2021 12:41,1,8,8,0,0,"1,02",10
434,SE,3/11/2021 11:17,2,3,Carl-Jacob-Burckhardt-Gymnasium,,,,,2,"1.9/11-Verschwörungstheorien: Anschlägge vom US Geheimdienst
2. Klimawandelleugnung: Die golbale Erwärmung sei nicht real und nur erfunden. Auch von Politikern verwendet (Afd). ""Sonne solle weniger scheinen.""
3.Boston-Marathon Anschlag: Inszienierung dessen um Angst gegenüber nicht Amerikanern zu schaffen, vor allem gegenüber dem Islam
4.COVID9: 
COVID9 exestiert nicht, ist nicht schlimm oder wurde von Bill Gates erzeugt.
5.:  Bill Gates: 
Bill Gates sooll Kindern Blut enthmenen und dieses als ""Lebenselixier"" verwenden.","-behauptenGeheimwissenzuhaben
-sehen hinter fast allem eine Böse Person oder Macht die alles anteibt
-",5,5,5,5,4,2,4,2,2,4,1,3,3,5,5,2,1,16,46,2,,,,,,,,,531,51,19,44,36,294,155,33,715,3/11/2021 11:36,1,8,8,0,0,"0,92",10
437,SE,3/11/2021 11:20,2,3,Carl-Jacob-Burckhardt-Gymnasium,,,,,2,Covid9 Verschwörungstheorie ,"-behaupten sich auf viele Quellen zu beziehen
-sehen hinter vielem eine ""Böse Macht""
",3,4,2,3,,1,1,2,3,3,3,3,3,4,3,,1,17,47,2,,,,,,,,,413,84,31,102,35,78,103,59,526,3/11/2021 11:35,1,8,8,0,0,"0,89",10
444,SE,3/11/2021 11:23,2,3,Carl-Jacob-Burckhardt-Gymnasium,,,,,2,"Bill Gates hat das Coronavirus erschaffen, um die Welt zu regieren.",#NAME?,3,3,2,4,4,1,2,2,3,2,2,3,4,4,3,,1,16,51,2,,,,,,,,,220,106,49,89,37,155,107,58,750,3/11/2021 11:37,1,8,8,0,0,"0,7",1
464,SE,3/18/2021 11:00,2,3,Kaiser-Karl-Schule,,,,,2,"1. Es gibt ein Regime ,welches über Flugzeuge chemische Mittel abwerfen ,die uns beeinflussen wodurch wir gelenkt und kontrolliert werden.
2. Die Erde ist keine runde Kugel sondern eine flache Scheibe.
3. Gretha Thunberg hat in einem chinesischen Labor das Coronavirus entwickelt und 
freigesetzt.
4. Die Corona-Pandemie ist nur eine Erfindung um ein großes totalitäres Regime aufzubauen.
5. Die USA waren nie auf dem Mond.
6. Es gibt keinen Klimawandel. Die Erde wird sogar immer kühler.","Generell sind Verschwörungstheorien Erklärungsversuche ,die aber nie auf wissenschaftliche Fakten basieren. Meistens werden diese einfach nur erfunden so wie es ihnen am meistens passt. Verschwörungstheorien existieren auch um einen
guten Grund zu haben damit man protestieren kann und das Recht besitzt die jetzige
Regierung auszuwechseln. Definitiv bieten diese Theorien die Möglichkeit Dampf abzulassen also seine Wut auszuleben und mit Anderen zu zeigen.",3,4,4,1,1,3,3,4,4,4,3,3,4,5,5,2,2,17,60,2,,,,,,,,,106,43,117,152,34,680,815,136,618,3/18/2021 11:35,1,8,8,0,0,"0,46",0
470,SE,3/18/2021 11:17,2,3,Kaiser-Karl-Schule ,,,,,2,",,Alle Migranten und Ausländer haben böse Absichten.""

Eine schlechte Tat von einem bestimmten Menschen wird, wenn es sich um einen Ausländer handelt, auf alle Ausländer bezogen. Danach handeln die Menschen natürlich auch. Obwohl die meisten gar keine bösen Absichten haben und nur Hilfe oder ein neuen Anfang brauchen.",#NAME?,,4,4,1,,2,3,4,3,1,1,3,4,4,3,4,1,18,63,2,,,,,,,,,133,52,36,65,23,173,119,49,650,3/18/2021 11:28,1,8,8,0,0,"0,88",1
474,SE,3/18/2021 18:00,2,3,Kaiser-Karl Schule,,,,,2,"Flat Earth Society, behauptet die Erde seine eine Scheibe. 

Sämtliche Verschwörungstheorien zum Corona Virus, dass es von Politikern oder zum Beispiel Greta Thunberg entwickelt und innen Umlauf gebracht wurde oder, dass es gar nicht existiert und nur von Politikern ausgedacht ist. 

Das der Klimawandel nicht existiert. ","Viele sind durch keinerlei Fakten basiert, sondern scheinen eher wie eine Religion oder andere Gemeinschaft die an etwas glauben. 

Sie verknüpfen verschiedenste Personen und Ereignisse ohne jeglichen Zusammenhang.

Klare Definition von Gut und Böse. 
",3,4,5,2,4,2,2,3,4,,3,4,5,5,3,2,1,16,65,2,,,,,,,,,141,43,28,63,17,283,211,138,832,3/18/2021 18:16,1,8,8,0,0,"0,79",3
476,SE,3/19/2021 8:38,2,3,Gymnasium Brunsbüttel,,,,,2,"Die häufigste Verschwörungstheorie, mit der man in den letzten Monaten konfrontiert wurde, behandelt den Zusammenhang von Staat und der Corona-Pandemie. 
Dabei wird angeführt, dass der Staat - bevorzugt auch China - die Corona-Pandemie geplant haben soll und dessen Ausführung einem genauen Muster folgt. 
Gerne dabei wird auch Bill Gates angeführt. Er wäre ebenfalls ein Akteur, der die Corona-Pandemie geplant haben soll und seine Macht dadurch ausweiten möchte. 
Harmlosere Theorien wären beispielsweise die Tatsache, dass die Welt eine Scheibe ist oder das die Mondladung gefaked war. 
Es kann aber noch in eine ""durchdachtere"" Richtung gehen, wenn Geheimbunde wie Illuminati oder Ähnliches angesprochen wird. Solche Geheimbunde hätten laut Verschwörungstheoretiker:innen beispielsweise die Komtrolle über bestimmte Ereignisse, wie beispielsweise den Anschlag von 9/11.",#NAME?,2,4,3,2,2,2,4,2,4,2,5,4,5,2,4,2,1,17,66,2,,,,,,,,,148,26,22,51,9,343,65,25,689,3/19/2021 8:50,1,8,8,0,0,"1,37",24
480,SE,3/19/2021 8:38,2,3,Gymnasium Brunsbüttel,,,,,2,"9/11-Verschwörungstheorien -Anschläge sollen vom US-amerikanischen Geheimdienst wissenschaftlich zugelassen worden sein

Klimawandel Leugnung-erfundene Erderwärmung und alles nur aus politisch/finanziellen Gründen

COVID9- Virus sei in einem chinesischen Labor erzeugt worden oder in einem Labor welches von Bill Gates finanziert wurde","Meistens sind sie nicht wirklich von Fakten gestützt

Sorgen für Widerstand gegen eine Gruppe von Personen.",2,4,4,4,3,1,1,1,2,4,3,5,5,4,4,1,1,17,68,2,,,,,,,,,83,39,22,49,9,233,119,30,584,3/19/2021 8:48,1,8,8,0,0,"1,28",17
485,SE,3/19/2021 8:39,2,3,Gymnasium Brunsbüttel,,,,,2,Ich kenne glaube ich keine Verschwörungstheorien{person_shrugging_tone2} {EM_FEMALE_SIGN}?,Sie können sich auf gleiche Personen beziehen{person_shrugging_tone2} {EM_FEMALE_SIGN}?,,1,2,,,,1,1,2,,,2,2,3,3,,1,16,70,2,,,,,,,,,114,38,24,49,25,31,53,68,402,3/19/2021 8:45,1,8,8,0,0,"1,34",42
491,SE,3/19/2021 8:39,2,3,Gymnasium Brunsbüttel,,,,,2,"- Corana existiert nicht  ->Masche der Politik
- extreme Polizeigewalt in Deutschland -> Verbreitung von Videos mit Polizeigewalt ohne die Hintergründe zu schieldern","- nicht Faktenbasiert und wenn dich dann meist falsch Nachrichten
- Aufstand bzw. Ausruf gegen etwas",4,3,2,1,3,1,3,3,4,3,3,3,4,4,3,2,1,17,73,2,,,,,,,,,81,28,23,41,21,182,88,36,500,3/19/2021 8:48,1,8,8,0,0,"1,22",11
498,SE,3/19/2021 8:40,2,3,Gymnasium Brunsbüttel ,,,,,2,"Erdscheibe
Reiche trinken kinderblut (teil von Q anon) 
Impungen verursachen Autismus 
Impfungen sind microchips
Die Mondlandung war gefälscht 
Politiker sind reptiluiden
Nazis in neuschwarbenland
Nazis lebeb auf dem Mond ","Eine böse macht
Alle Medien sind gekauft 
Satan ist schuld


",4,5,5,1,3,2,5,3,5,4,2,3,4,5,5,2,2,17,77,2,,,,,,,,,143,34,49,72,41,278,101,64,782,3/19/2021 8:53,1,8,8,0,0,"0,76",0
517,SE,3/23/2021 11:33,2,3,Gymnasium Brunsbüttel ,,,,,2,#NAME?,"Bei allen drei Theorien geht es darum, dass etwas nicht seine Richtigkeit hat. Bei den ersten beiden genannten wird etwas verleugnet, was nachweislich vorliegt.",2,4,,,,1,1,1,3,3,3,3,3,4,4,,1,16,84,2,,,,,,,,,233,25,29,57,20,146,79,107,635,3/23/2021 11:45,1,8,8,0,0,"1,01",8
525,SE,3/23/2021 11:34,2,3,Gymnasium Brunsbüttel,,,,,2,"Covid9
Das Virus soll in einem von Bill Gates finanzierten Labor entstanden und so ausgebrochen sein 

","-Wenden sich immer gegen die Regierung
- Keine beweise beziehungsweise Fakten, sondern stellen häufig nur Behauptungen auf
- ",3,4,4,2,2,2,3,2,3,4,2,4,4,4,4,2,1,17,88,2,,,,,,,,,181,28,35,81,43,381,193,38,980,3/23/2021 11:50,1,8,8,0,0,"0,77",3
527,SE,3/23/2021 11:34,2,3,Gymnasium Brunsbüttel ,,,,,2,#NAME?,"- es verbreitet sich schnell
- alles ist miteinader verbunden
- alles ist geplant
- keine Zufälle
- Glaube an etwas, was vielleicht gar nicht wahr ist",2,3,4,2,1,2,3,3,4,3,2,4,4,3,3,2,1,17,89,2,,,,,,,,,141,26,45,36,9,337,118,27,739,3/23/2021 11:46,1,8,8,0,0,"1,24",20
531,SE,3/23/2021 11:34,2,3,Gymnasium Brunsbüttel ,,,,,2,#NAME?,"Diese Verschwörungstheorie entstehen meist dadurch, dass eine bestimmte Gruppe durch das Streitthema Nachteile erfährt. Dadurch, dass der Klimawandel ein immer größeres Thema wird haben Menschen die zum Beispiel in der Kohleindustrie weniger Arbeit. Genauso ist es bei COVID9 einige Gruppen leiden darunter und verbreiten deshalb die Meinung, dass es nicht existiert. Diese Leute sind fest davon überzeugt und verbreiten ihr Meinung oft sehr radikal. Diesen Punkt haben die Verschwörungstheorie gemeinsam.  Zusätzlich gibt es sowieso immer sehr viele verschiedene Meinungen da fällt es schwer herauszufiltern was man glauben soll und so gibt es auch verschiedene Theorien und jeder entscheidet was er für richtig hält.",2,4,4,2,4,2,3,3,4,4,2,4,4,4,4,2,1,17,91,2,,,,,,,,,94,23,27,57,21,213,418,58,593,3/23/2021 11:49,1,8,8,0,0,"0,96",6
533,SE,3/23/2021 11:34,2,3,Gymnasium Brunsbüttel ,,,,,2,#NAME?,#NAME?,4,4,4,3,,2,3,4,4,4,4,4,4,4,4,2,2,16,92,2,,,,,,,,,163,26,29,59,9,157,133,44,620,3/23/2021 11:44,1,8,8,0,0,"1,18",14
535,SE,3/23/2021 11:35,2,3,Gymnasium Brunsbüttel,,,,,2,"Alles mögliche von der Mondlandung die nie statt gefunden hat und über die Ermordung von JFK habe ich auch schon Verschwörungstheorien gehört. Bei dieser geht es darum, dass das Attentat nie statt gefunden hat. Auch was deutsche Politiker angeht habe ich schon alles mögliche gehört z.B. das Frau Merkel eigentlich ein Echsenmensch ist.",#NAME?,2,4,4,1,4,2,4,3,4,5,2,4,5,4,5,2,2,17,93,2,,,,,,,,,126,30,29,82,65,249,92,25,654,3/23/2021 11:46,1,8,8,0,0,"0,97",8
538,SE,3/23/2021 11:35,2,3,Gymnasium Brunsbüttel ,,,,,2,#NAME?,#NAME?,5,4,5,2,,2,4,4,4,2,2,3,3,2,2,3,1,17,94,2,,,,,,,,,108,39,27,61,17,252,49,51,604,3/23/2021 11:45,1,8,8,0,0,"1,11",10
540,SE,3/23/2021 11:35,2,3,,,,,,2,"9/11 war inszeniert 
Corona gibt es nicht 
",Suche nach Schuldigen ,,,,2,,2,2,2,3,3,2,3,,,,,-9,,95,2,,,,,,,,,107,41,62,114,27,73,20,47,491,3/23/2021 11:43,1,8,8,13,12,"1,26",35
545,SE,3/23/2021 11:44,2,3,Gymnasium Brunsbüttel,,,,,2,"Klimaleugner - Der Klimawandel existiert nicht, oder wurde nur erfunden, damit Forscher mit Forschungsgeldern Profit machen.

Mikrochips im Impfstoff gegen Corona, damit wir alle kontrolliert werden.

Die neuen 5G Wellen sollen uns kontrollieren, Bill Gates will uns damit kontrollieren oder unsere ganzen Daten sammeln und uns ausspionieren.

Corona existiert nicht/ Wuhan experimentierte an Tieren, wodurch Corona entstand und sie es somit als Waffe benutzen, damit sie, falls ein Krieg ausbrechen würde, die Oberhand behalten.

Masken verschlechtern unsere Atmung und können gesundheitliche Schäden hervorrufen.","Enstehen vor allem durch Gerüchte.
Sie basieren nicht auf Fakten, sondern meistens auf Mutmaßungen oder wurden einfach frei erfunden.
",3,4,3,2,4,1,2,2,4,3,2,3,4,5,4,1,1,17,98,2,,,,,,,,,96,28,63,39,11,1200,155,32,616,3/23/2021 12:11,1,8,8,0,0,"1,05",14
560,SE,3/29/2021 12:27,2,2,Oberschule zum Dom in Lübeck,,,,,2,"- Corona: Bill Gates will uns allen einen Mikrochip implantieren
-Corona gibt es gar nicht, wurde von Politikern/ irgendwem erfunden zu einem egoistischen asozialen Zweck
- Corona wurde absichtlich in einem Labor gezüchtet und ""freigelassen""
- nichts konkretes, aber es gibt ja eigentlich zu z.B. jedem Attentat/jeder umstrittenen Entscheidung usw. Verschwörungstheorien","- es gibt immer eine*n Böse*n
- jemand verfolgt einen Hintergedanken bei einer Entscheidung
- es gibt keine richtigen/glaubwürdigen Belege und Begründungen
- die Bevölkerung ist bedroht
- geheime Organisationen, die sehr groß sind (obwohl sowas ja fast unmöglich ist geheim zu organisieren?!)
- Berühmte oder Politker oder bestimmte Bevölkerungsgruppen sind verwickelt
- es wird aufgebauscht und dramatisiert",4,5,5,1,4,2,3,3,4,4,4,4,4,5,,4,1,16,105,2,,,,,,,,,140,33,36,63,14,198,206,52,742,3/29/2021 12:39,1,8,8,0,0,"0,93",4
568,SE,3/29/2021 12:28,2,2,Oberschule zum Dom ,,,,,2,"-Repteloiden
-Bill Gates will bei der Corona Impfung Computer Chips einpflanzen
-Die Erde ist eine Scheibe
-Die Mondlandung ist Fake
1.9 ist von der Regierung verursacht worden 
-Den Klimawandel gibt es nicht 
-Corona ist nur da um die Menschen zu Kontrollieren ","Unüberlegte Handlungen
Z.b Corona ist nur da um die Menschen zu kontrollieren und das es Corona gar nicht gibt.
",2,,,2,,2,2,2,4,3,,3,3,4,,,2,16,109,2,,,,,,,,,150,25,26,104,27,138,51,38,559,3/29/2021 12:37,1,8,8,0,0,"1,15",14
571,SE,3/29/2021 12:28,2,2,Oberschule zum Dom,,,,,2,"Es werden uns Menschen cips eingepflanzt 
Stars haben ein vertrag mit dem teufel (Ariana grande, Justin Bieber etc)","- keine vertrauenswürdige Quellen 
- ",3,3,4,2,3,2,2,4,4,,,3,5,4,3,,1,16,111,2,,,,,,,,,158,25,39,54,12,172,79,35,574,3/29/2021 12:37,1,8,8,0,0,"1,18",13
573,SE,3/29/2021 12:28,2,2,Oberschule zum Dom,,,,,2,"- ""Aluhüte"", z.B. Angst vor Vergiftung durch Kondensstreifen der Flugzeuge
- Angst vor Einpflanzung von Mikrochips etc.
- Corona Leugner
- Coronavirus willkürlich als Biowaffe entwickelt
- 9.11 durch Geheimdienst ausgeführt
- Klimawandelleugener
- US-Präsident Donald Trump hätte Wahl gewonnen",#NAME?,1,3,3,1,2,2,3,2,4,4,4,3,5,5,3,2,1,16,112,2,,,,,,,,,119,31,33,50,18,264,123,37,675,3/29/2021 12:39,1,8,8,0,0,"1,01",5
576,SE,3/29/2021 12:28,2,2,Oberschule zum Dom,,,,,2,"Mit den Impfungen werden uns Mikrochips eingesetzt.
Die Pandemie/der Virus kommt nicht durch die Covid9 sondern 5G (Mobilfunktefonen)
",Keine wahrhet,2,3,3,2,3,1,3,3,3,4,3,4,4,4,4,2,1,16,113,2,,,,,,,,,122,53,103,75,10,184,20,32,530,3/29/2021 12:38,1,8,8,0,0,"1,26",35
593,SE,3/31/2021 11:59,2,3,Johann-Rist-Gymnasium,,,,,2,"verschiedene Corona Verschwörungstherorien
dass die Mondlandung fake war
Die mit Bill Gates und den Impfungen",bin mir nicht sicher,2,3,2,3,,2,2,3,3,4,2,4,4,4,3,,1,17,121,2,,,,,,,,,146,39,22,42,27,68,26,38,408,3/31/2021 12:06,1,8,8,0,0,"1,54",37
596,SE,3/31/2021 11:59,2,3,Johann-Rist Gymnasium (JRG),,,,,2,"Chemtrails (Kondensstreifen enthalten gefährlich Chemikalien)
Klimawandel (dieser sei gar nicht real bzw. gefährlich)
Covid9 (der Virus exitiere gar nicht, durch Bill Gates und auch zum Thema Impfen)","Die Politik und der Staat seien Schuldige/Sündenböcke
Intention, den Menschen zu schaden
",2,3,3,3,,2,3,2,3,4,3,4,5,4,4,,1,17,122,2,,,,,,,,,170,39,44,53,25,306,136,50,823,3/31/2021 12:13,1,8,8,0,0,"0,81",1
598,SE,3/31/2021 11:59,2,3,Johann-Rist-Gymnasiom,,,,,2,"-Mondlandung (soll ""gefaked"" sein)
-Flat-earth (die Erde soll aus gewissen physikalisch nicht nachvollziehbaren Gründen Rund sein) 
-Corona (gibts nicht und ist ja auch nicht schlimmer als ein Grippe Virus (ironie)) 
-Bill Gates (soll ein Menschenkinderbluttrinker sein)

Viele weitere die ich vergessen habe weil sie zu absurt waren.
Insgesamt ist es unterhaltsam/erschreckend wie viele ""Gedanken"" sich gemacht werden  und ""Zusammenhgänge"" hergestellt werden. ",#NAME?,5,5,4,2,3,2,5,3,5,4,3,3,4,4,5,3,2,17,123,2,,,,,,,,,137,46,26,42,17,393,181,40,882,3/31/2021 12:14,1,8,8,0,0,"0,95",7
602,SE,3/31/2021 11:59,2,3,Johann-Rist-Gymnasium,,,,,2,"Aktuell kommen mir nur die Gerüchte zum Thema Corona in den Kopf. 
Etwas wirklich konkretes habe ich nicht vor Augen, aber wenn man Sachen hört wie: 
Man müsse Desinfektionsmittel trinken und die Impfungen könnten 
das Erbmaterial verändern, dann schüttelt man schon den Kopf. 

Außerdem gibt es immer wieder Wahlbetrugvorwürfe, vor allem in den USA in 
letzter Zeit. ","Oft sind sie minimal schlüssig, sodass man, wenn man nicht weiter drüber nachdenkt, 
sagen würde: Das kann schon stimmen. 

z.B. mit der Änderung des Erbmaterial. Am Anfang klingt es wenigstens 
etwas schlüssig, aber wenn man sich auch nur ein bisschen mit der Materie
auskennt, bemerkt  man, dass es kompletter Schwachsinn ist. 

Es gibt den Leuten, die diese Ansichten vertreten, anscheinend auch ein Gruppen-
gefühl. Quasi wir gegen den Rest. Man bekommt das Gefühl, dass diese 
Menschen sich von der Gesellschaft verfolgt fühlen. 

Allerdings geht man oft von sich selbst aus. Also wenn ich vorhabe etwas zu tun, dann 
bin ich viel wachsamer und achte mehr darauf, weil ich weiß dass es Menschen 
gibt die das tun würde, nämlich ich selbst.

Keine Ahnugn was die Schlussfolgerung daraus...",4,3,3,2,3,2,2,2,4,3,4,3,4,4,5,,2,18,125,2,,,,,,,,,134,37,27,93,26,185,410,56,658,3/31/2021 12:15,1,8,8,0,0,"0,8",2
604,SE,3/31/2021 12:00,2,3,Johann-Rist-Gymnasium ,,,,,2,"Im Zusammenhang mit Corona gab es viele wie zum Beispiel, dass Bill Gates Corona erfunden hätte, um daraus Geld zu schlagen.
Außerdem die Verschwörungstheorie, dass die Regierung mit der Impfung uns alle clonen möchte beziehungsweise unsere DNA klauen möchte.","Verschwörungstheorien wirken meistens Bösartig und oft auch unrealistisch. Man hat eher das Gefühl, dass die Verschwörungstheorien aus einem schlechten Film kommen.",5,5,4,1,1,1,4,4,5,5,3,4,5,5,4,1,2,17,126,2,,,,,,,,,175,25,19,84,13,141,337,39,596,3/31/2021 12:13,1,8,8,0,0,"1,11",15
606,SE,3/31/2021 12:00,2,3,Johann-Rist-Gymnasium,,,,,2,"- Querdenken: Corona existiert nicht; BIll Gates will alle Menschen zwangsimpfen für Kontrolle; ""Corona-Diktatur""
- Attentate 2001 in NYC waren staatlich geplant
- DIe Mondlandung war im Fernsehstudio gefilmt
- DIe Erde ist flach und die NASA betrügt uns nur
- Trump ist der ""Retter"" von uns allen
- Präsidentschaftswahlbetrug in den USA durch Post etc
- ""Die Migranten nehmen uns die Jobs weg"" bzw ""Umvolkung""
- Klimawandel existiert nicht
- ...","- simplifizieren komplexe Sachverhalte
- häufig nur ""Argumente"" gegen fremde Meinungen jedoch keine richtigen Beweise für die eigene (""Beweise du mir doch, dass du richtig liegst, bevor du meine Meinung kritisierst"""")
- Willkürliche Zusammenhänge
- Alles ist ""Schwarz und weiß"" bzw gut und böse, es gibt keine Zwischenstufen
- Pläne für alles, kein Zufall möglich
- keine Stützung auf Fakten",4,4,5,2,1,2,4,3,4,4,5,4,5,5,4,2,2,17,127,2,,,,,,,,,84,28,41,58,8,318,209,30,776,3/31/2021 12:13,1,8,8,0,0,"1,17",16
335,SE,3/3/2021 14:22,2,2,Oberschule zum Dom,,,,,2,wir leben in der matrix und nichts ist real,es gibt kaum/keine belege,3,4,4,2,4,1,2,2,3,4,2,3,3,3,3,,1,15,5,3,,,,,,,,,205,52,31,75,26,91,23,39,542,3/3/2021 14:31,1,8,8,0,0,"1,26",29
336,SE,3/3/2021 14:22,2,2,Oberschule zum Dom,,,,,2,"- 9/11, war von USA geplant
- Pizzagate, Kinderschändung 
- Klimawandel, sei alles nur ausgedacht
- Incel, Frauen haben sich gegen Männer verschworen 
- Reptiloide, Politiker etc. Wurden von Aliens/Reptilien ersetzte
- Corona, wäre von Regierung geplant ",Alle von der Regierung geplant,4,4,4,2,4,1,4,3,2,2,5,4,5,4,4,,1,16,6,3,,,,,,,,,163,28,23,52,11,408,2522,25,810,3/3/2021 15:16,1,8,8,0,0,"1,09",17
345,SE,3/5/2021 7:34,2,3,Detlefsengymnasium,,,,,2,"- 9/11
- Corona-Pandemie
- Q Anon
- Area 51
- Hexenlehre
- Chem Trails","- Die Verschwörung wird durch Verbreitung von vielen anderen Menschen geglaubt
- Die Gruppen, die sich gebildet haben, versuchen, das was sie als wahr bezeichnen, oft im sozialen Netz weiterzugeben
",4,4,4,2,1,2,4,2,5,4,4,4,5,5,5,2,1,17,8,3,,,,,,,,,130,42,35,150,34,310,161,71,846,3/5/2021 7:49,1,8,8,0,0,"0,67",0
356,SE,3/5/2021 7:34,2,3,Detlefsengymnasium Glückstadt,,,,,2,"1. Mit den Kondensstreifen am Himmel werden wir vergiftet und manipuliert.
2. Das Coronavirus gibt es nicht. Das ist alles eine Organisation vom Staat.
3. Bill Gates hat was mit dem Coronavirus zu tun
4. Den Klimawandel gibt es nicht.
5. Area 51   Es gibt Aliens.
6. Hitler ist nicht gestorben. Er ist geflüchtet und hat sich versteckt.",#NAME?,3,3,3,1,4,2,2,2,3,4,3,3,5,3,4,,1,16,12,3,,,,,,,,,176,52,88,69,24,415,59,52,881,3/5/2021 7:50,1,8,8,0,0,"0,79",4
360,SE,3/5/2021 7:34,2,3,Detlefsengymnasium Glückstadt ,,,,,2,"-9/11 Verschwörung (Terroranschlag vom amerikanischen Geheimdienst selber ausgeführt oder zugelassen)
-Klimawandelleugnung (globale Erwärmung sei nicht real, dient nur zum Erhalt von Forschungsgeldern) 
-QAnon (Personen die denken, dass sie Informationen über Donald Trumps angeblichen Kampf gegen den “Deep State” haben)
-Covid9 (das Virus wurde in einem Labor von Bill Gates erzeugt)
- Jeffrey Epstein hat keinen Suizid begangen ",#NAME?,3,5,5,3,3,2,4,2,4,4,,5,5,4,5,,1,17,13,3,,,,,,,,,83,47,41,92,13,338,69,83,766,3/5/2021 7:47,1,8,8,0,0,"0,93",7
364,SE,3/5/2021 7:34,2,3,Detlefsengymnasium Glückstadt,,,,,2,"QAnon- Kinder würde entführt und dessen Blut wird getrunken und als Droge zur Verjüngung genutzt, Flache Erde- die Welt sei flach, Corona existiert nicht, der Staat wolle uns alle nur austauschen oder ähnliches und mit dem Corona-Impfstoffe werden uns Chips implantiert, der Holocaust sei nie gesehen und Hitler werde im nachhinein nur als der böse dargestellt.",Der Staat oder jemand der eine höhere Macht hat ist eigentlich sehr böse und versteckt etwas vor dem einfachen Volk und versucht dieses unter Kontrolle zu halten.,2,4,4,1,2,4,4,3,4,4,2,4,5,5,5,,1,17,15,3,,,,,,,,,140,35,30,47,17,374,101,41,785,3/5/2021 7:47,1,8,8,0,0,"0,99",5
374,SE,3/5/2021 9:19,2,3,Detlefsengymnasium ,,,,,2,"Bill Gates habe die WHO gekauft

Die Erde sei flach

Alienforschung USA
 -Area 51 beschäftige sich mit der Forschung an außerirdischen Lebensformen

Aluhüte-ChemTrails
 -Kondensstreifen enthalten Chemikalien die sich auf das Bewusstsein der Bevölkerung auswirken

Weltuntergang

QAnon
 -Ritualmordlegende
 -Verschwörungstheorie zum mitmachen 
 -Antisemitismus

Hexenlehre (eher im Mittelalter)
 -Hexen seien für Unheil verantwortlich

Holocaustleugnung

Es habe die Mondlandung nie gegeben

Untergang der Titanic
 -angeblich sei ein Schwesterschiff der Titanic gesunken

Klimawandelleugner","-Sie werden von einer bestimmten Gruppe geglaubt und verbreitet
-sie sind nicht wahr
-",4,4,4,1,4,2,3,2,5,5,4,5,5,4,5,3,1,17,19,3,,,,,,,,,93,34,37,63,17,606,122,28,1000,3/5/2021 9:36,1,8,8,0,0,"0,98",6
377,SE,3/5/2021 9:20,2,3,Detlefsengymnasium Glückstadt,,,,,2,"- die Pandemie existiere nicht (Corona-Leugner)
- die Erde sei flach
- die Regierung der USA verstecke wichtige Informationen (oder Aliens) in Area 51 vor der Gesellschaft
- Klimawandel-Leugner (Klimawandel werde nicht von Menschen verursacht/ sein nicht gefährlich, sei von Wissenschaftlern erfunden worden, um Forschungsgelder zu erhalten)
- Epstein habe kein Suizid in seiner Zelle begangen (sei im Auftrag von Trump ermordet worden)
- Joe Biden habe die Wahl von Trump gestohlen","- richten sich oft gegen die Regierung oder gegen Ergebnisse der Wissenschaft
- es gibt immer einen Bösen (und die Verschwörungstheoretiker sind die einzigen, die diesen ""bösen Plan"" durchschauen)
",2,3,2,2,2,2,2,1,4,4,4,3,4,4,4,2,1,17,20,3,,,,,,,,,95,56,42,69,34,447,226,61,1030,3/5/2021 9:37,1,8,8,0,0,"0,68",0
379,SE,3/5/2021 9:20,2,3,Detlefsengymnasium Glückstadt,,,,,2,"Corona: existiert nicht/Impfung basiert auf Chips von Bill Gates; 
flache Erde: viele Menschen meinen, dass die Erde flach sei; 
Weltjudentum: Juden wollen die Weltherrschaft an sich reißen;
Area51: forsche mit Aliens; 
Klimawandelleugnung: Verschwörungstheoretiker leugnen den Klimawandel, da dieser nur zur Geldmache benutzt wird","Falschinformationen, negativ konnotiert, nur bei großen Themen, Leugnung von Ereignissen, Ausschluss von Zufällen",3,4,3,2,4,2,2,2,5,4,2,4,5,4,3,3,2,17,21,3,,,,,,,,,117,54,28,38,14,322,314,36,709,3/5/2021 9:35,1,8,8,0,0,"0,99",10
381,SE,3/5/2021 9:20,2,3,Detlefsengymnasium Glückstadt,,,,,2,"- Verschwörungstheorien zum Antisemitismus
-Verschwörungstheorien zu Corona-Pandemie 
  -> Virus existiere nicht
  -> sei eine Erfindung von Bill Gates ",#NAME?,2,3,3,1,2,2,2,3,4,3,2,3,3,4,4,3,1,17,22,3,,,,,,,,,170,49,44,56,35,179,154,50,737,3/5/2021 9:32,1,8,8,0,0,"0,79",1
384,SE,3/5/2021 9:20,2,3,Detlefsengymnasium,,,,,2,/,#NAME?,3,3,2,2,3,1,2,2,4,4,2,4,5,4,5,,1,17,24,3,,,,,,,,,249,40,61,91,41,50,298,136,876,3/5/2021 9:36,1,8,8,0,0,"0,83",18
387,SE,3/5/2021 9:20,2,3,Detlefsengymnasium Glückstadt,,,,,2,"Verschwörungstheorien um das Coronavirus:
- Es wird behauptet, dass es nicht existiert oder in Laboren gezüchtet wurde



Verschwörungstheorie um die Erde:
- Die Erde soll anscheinend flach sein.",#NAME?,1,3,3,2,2,1,2,1,4,4,2,3,2,3,2,2,1,15,25,3,,,,,,,,,158,44,40,131,28,345,208,58,1012,3/5/2021 9:37,1,8,8,0,0,"0,65",0
389,SE,3/5/2021 9:20,2,3,Detlefsengymnasium Glückstadt,,,,,2,"9/11 

Area 51

Corona

Aliens 

Echsenmenschen

","sie sind alle nicht bewiesen 

sie sind oft sehr bekannt und verbreitet 

es richtet sich gegen die Gesellschaft 

Menschen glauben an andere Mächte",1,4,3,2,3,1,2,2,4,4,3,4,4,4,4,2,1,17,26,3,,,,,,,,,128,53,47,151,33,87,191,80,682,3/5/2021 9:33,1,8,8,0,0,"0,8",8
390,SE,3/5/2021 9:20,2,3,Detlefsengymnasium Glückstadt,,,,,2,"Flat Earther
9/11
Area 51
Coronaleugner
Aliens
Echsenmenschen",#NAME?,1,4,4,2,5,2,4,4,5,4,3,4,5,4,4,4,1,16,27,3,,,,,,,,,115,52,53,174,19,94,176,84,656,3/5/2021 9:33,1,8,8,0,0,"0,83",7
392,SE,3/5/2021 9:20,2,3,Detlefsengymnasium,,,,,2,"QAnon - man foltere und töte Kinder, um aus Blut Verjüngungsdroge herzustellen
Bill Gates
Area 51
Chem Trails - schütze vor Gasen, Strahlungen und außerirdischem Leben
Weltuntergang - Welt würde untergehen
Coronapandemie - es gäbe die Pandemie nicht oder wurde von Regierung absichtlicht freigesetzt","Regierung verschwöre sich gegen Bürger und wolle bestimmte Daten herausfinden

Kinder würden gefoltert werden",4,4,3,1,2,3,3,2,5,3,3,4,5,5,4,3,1,17,28,3,,,,,,,,,164,38,62,114,32,413,99,56,978,3/5/2021 9:37,1,8,8,0,0,"0,68",0
394,SE,3/5/2021 9:21,2,3,Detlefsengymnasium Glückstadt,,,,,2,#NAME?,#NAME?,2,5,4,4,4,1,4,1,4,2,3,5,2,4,2,,2,18,29,3,,,,,,,,,144,39,58,95,37,283,254,21,931,3/5/2021 9:37,1,8,8,0,0,"0,82",7
410,SE,3/10/2021 12:27,2,2,Oberschule zum Dom,,,,,2,"Bill-Gates-Verschwörung: Bill Gates ist für Corona verantwortlich, will Menschen kontrollieren etc.

5G: Neues 5G-Netz verursacht Corona

Pizza Gate: Pizzerien handel mit Kinder und kauf von Pizza korrespondiert mit Kinderhandel

Antisemitismus: ""Die Juden"" haben sich Verschworen die Welt aus dem verdeckten zu kontrollieren, vor allem Finanzen etc.

Merkeljugend: Verschiedene Leute z.B. YouTuber Rezo sind teil einer Elitegruppe, die unter Angela Merkels Führung Einfluss nehme","Aussagen wie:
- ""Die"" sind schuld
- ""Die"" haben sich gegen ""uns"" verschworen

Verbreitung durch soziale Medien
Haben Telegram-, Facebook-Gruppen etc.",1,5,5,2,4,2,3,3,5,4,3,3,4,5,4,3,2,16,35,3,,,,,,,,,166,71,46,63,29,408,149,44,976,3/10/2021 12:44,1,8,8,0,0,"0,7",0
414,SE,3/10/2021 12:28,2,2,Oberschule zum Dom (OzD),,,,,2,"• der Holocaust gab es nicht
• in den Mund-Nasen Schutz Masken sind Drahte versteckt, die uns Bürger;innen überwachen sollen
• die Corona Maßnahmen/ Einschränkungen sind der Anfang einer Diktatur

Allgemein gibt es für unsere aktuelle Corona Lage die unterschiedlichsten Verschwörungen","• Überwachung vom Staat
• Einschränkungen der Persönlichkeitsrechte
• Vergleich mit dem dritten Reich
",2,4,4,3,5,2,2,3,4,,2,4,4,5,5,,1,16,37,3,,,,,,,,,205,46,43,96,24,198,86,55,753,3/10/2021 12:40,1,8,8,0,0,"0,81",1
416,SE,3/10/2021 12:28,2,2,Oberschule zum Dom,,,,,2,"- Corona sei eine geheime und falsche Aktion vom Staat um die Bevölkerung zu kontrollieren
- die Impfungen gegen Corona sind keine Impfungen (weil das Virus gar nicht existiere), sondern es werden Chips zur Ortung und Kontrolle injiziert
- die Simpsons würden alles mögliche voraussagen -> ""Beweis"" dafür, dass alles vom Staat geplant sei ",#NAME?,2,2,2,4,4,1,2,2,4,2,4,3,4,4,4,3,1,15,38,3,,,,,,,,,152,62,29,50,16,194,69,34,606,3/10/2021 12:38,1,8,8,0,0,"1,08",10
419,SE,3/10/2021 12:28,2,2,Oberschule zum Dom,,,,,2,#NAME?,.,,4,3,1,,2,2,3,4,,4,3,4,3,4,,2,16,39,3,,,,,,,,,213,28,45,89,25,132,111,67,710,3/10/2021 12:39,1,8,8,0,0,"0,87",4
423,SE,3/10/2021 12:28,2,2,Oberschule zum Dom,,,,,2,"Corona:
- Es gäbe Corona gar nicht/ nicht gefährlich 
- ausgedacht von den Politikern - Einschränkung der Rechte 
  ",#NAME?,2,,,2,,1,,2,4,,3,3,4,4,,,1,15,41,3,,,,,,,,,316,59,85,111,52,173,56,150,816,3/10/2021 12:44,1,8,8,0,0,"0,68",6
435,SE,3/11/2021 11:20,2,3,Carl-Jacob-Burckhardt Gymnasium,,,,,2,"Corona ist nicht echt.

5g ist schädlich für Menschen.

In Area 51 gibt es Aliens.

Hitler lebt in Argentinien.

Der Anschlag auf das World-Trade-Center war ein Inside Job.

Die Reichsbürgerbewegung.
Die Bundesrepublik Deutschland sei illegal und das Dritte Reich der eigentliche Nationalstaat.

Klimawandelleugnung.

Pizzagate.
Hillary Clinton sei teilweise in einen Kinderpornoring verwickelt.

QAnon.
Eine Gruppe, die behauptet geheime Informationen über Donald Trump zu haben.","Monokausalität der Beweisführung:
Hinter allen Entwicklungen der Welt stecke ein geheimer Plan.

Auftreten der Verschwörungstheorien nach kollektiv schädigenden Ereignissen:
Corona und 9/11.

Allgemeines Misstrauen der Dinge und Glaube an eine höhere, kontrollierende Instanz. ",5,4,4,1,2,2,5,4,4,2,2,4,3,4,4,3,2,17,46,3,,,,,,,,,497,36,34,49,25,388,252,28,895,3/11/2021 11:42,1,8,8,0,0,"0,85",6
436,SE,3/11/2021 11:20,2,3,Carl-Jacob-Burckhardt Gymnasium,,,,,2,"Q-Anon: Organisation aus den USA, di Trump mehr oder minder auf ein Podest stellen, und sagen, dass er der einzig Wahre ist, und alle anderen US-Präsidenten an unterirdischem Kinderhandel beteiligt sind, der weltweit aktiv ist.

","werben mit ihrer eigenen geschichte, die besser oder perfekt erscheint

geben vor allen zu helfen und im inneren wie eine Famile zu sein

nur sie kennen ""die Wahrheit""",4,4,4,2,2,1,3,2,5,4,3,5,5,4,4,2,2,17,47,3,,,,,,,,,210,41,29,42,16,95,70,40,543,3/11/2021 11:29,1,8,8,0,0,"1,23",16
439,SE,3/11/2021 11:22,2,3,Carl-Jackob-Burckhardt-Gymnasium,,,,,2,"Klimawandelleugnung- es wird geglaubt, dass der Klimawandel ein natürlicher nicht durch Menschen beeinflusster Vorgang ist
Wahl des Präsidenten USA 2020- Der Wahlvorgang soll so manipuliert gewesen sein, dass Joe Biden auf jeden Fall gewinnt
Corona aufgrund der Politik- Man ist der Annahme, dass Corona von Politikern ausgedacht wurde und der Virus nicht real ist, bzw. extra geschaffen wurde
""Die Mondlandung war fake""- Die erste Mondlandung bei der Neil Armstrong als erster Mensch den Mond betritt soll nicht tatsächlich passiert sein, sondern es wurde jediglich eine Nachahmung ausgestrahlt","Keine genauen Begründungen, warum so etwas manipuliert werden sollte
Eindeutige Kennzeichnung der Politiker als Feinde, man selber ist aber gut
Die Leute die daran glauben neigen eher dazu hasserfüllt zu sein oder wenig Tolerenz und Akzeptanz zu zeigen (persönliche Erfahrung) oder auch weniger informiert/gebildet zu sein",2,4,,2,3,2,2,3,4,3,2,4,4,3,4,,1,16,48,3,,,,,,,,,345,50,33,107,15,526,166,54,1296,3/11/2021 11:43,1,8,8,0,0,"0,72",3
440,SE,3/11/2021 11:23,2,3,Carl-Jacob-Burckhardt-Gymnasium,,,,,2,"Corona sei im Labor gezüchtet
aus dem Anfangsbeispiel Verschwörung gegen Juden 

","Verschwörungstheorien bringen immer schlechtes mit sich. Sie sind Theorien, die nicht bewiesen werden können, aber meistens trotzdem schnell Verbreitung und Zustimmung finden. Sie werden oft als Mittel genutzt, eigene jemandem feindseligen Ansichten zu verbreiten und diesen zu schwächen, soz. Medien helfen ihm dabei.",4,2,,1,4,1,1,1,4,4,3,3,5,,4,,2,16,49,3,,,,,,,,,302,73,29,87,23,73,138,60,785,3/11/2021 11:36,1,8,8,0,0,"0,96",11
443,SE,3/11/2021 11:23,2,3,Carl-Jacob-Burckhardt Gymnasium,,,,,2,"Alle möglichen Arten von Corona-Verschwörungen, z.B. die Menschheit soll mit absicht verkleinert werden, uns werden Chips von Bill Gates geimpft, Merkel ist Kommunistin und will uns alle kontrollieren etc.

Antisemitische Verschwörungen, z.B. sie kontrollieren heimlich alles 

Illuminaten, auch das eine Gruppe den Rest der Welt kontrolliert

9/11, alles von der amerikanischen Regierung geplant

Mondlandung, gar nicht wirklich passiert","Richten sich häufig gegen eine Gruppe von Personen, die als Sünddenbock für irgendwelche Probleme genutzt werden

Sind meistens total absurd",4,4,4,1,2,1,4,4,5,5,4,5,5,5,5,1,1,17,50,3,,,,,,,,,181,68,37,51,9,286,109,53,794,3/11/2021 11:37,1,8,8,0,0,"0,99",10
445,SE,3/11/2021 11:24,2,3,Carl Jacob Burckhardt Gymnasium,,,,,2,"9/11 wurde von Bush geplant

Echsenmenschen sind die eigentliche Form von Politikern

Die Corona Lüge, inklusive Impfstoff, Masken und Tests, die der Menschheit schaden

Geplante Attentate auf Personen wie JFK

AIDS wurde im Labor gezüchtet

Die Erde ist flach

Politiker sind satanistisch und fressen Kinder in Ritualen

Kannibalismus in der Promiszene

Die Pharma-Industrie vergiftet uns

Michelle Obama und viele andere Menschen waren mal männlich, nur Männer sind nämlich das wahre Geschlecht und sollten in der Welt bekannt werden, deshalb wurde die OP durchgeführt

Dreiecke sind ein Zeichen für die Illuminati und den Pädophilenring

Tom Hanks (und andere Promis) vergewaltigt in seinem Keller Kinder

Coronatod ist eine Ausrede für einen anderen Tod oder für Verhaftung von verühmten Personen

Der Buckingham Palace ist voll mit Organen und Geschlechtsteilen



","Gegen die Regierung und gegen berühmte Personen

Sehen etwas schlechtes vorraus

Viele Menschen hinterfragen sie nicht",4,4,4,1,,1,4,4,3,1,1,,,4,1,2,2,16,51,3,,,,,,,,,225,45,18,53,17,423,54,39,874,3/11/2021 11:39,1,8,8,0,0,"1,12",15
447,SE,3/11/2021 11:26,2,3,Carl-Jacob-Burckhard Gymnasium,,,,,2,"- Erde ist flach
- Es leben Echsenmenschen oder gar Aliens unter uns
- Vielleicht leben wir in einer Matrix
- Corona existiert nicht
- Trump hat heimlich mit Russland zusammengearbeitet
- Den Holocaust hätte es so nie gegeben
- Hitler sei nicht 1945 gestroben
- Wir werden von einer geheimen Organisation gelenkt und besitzen eigentlich keine Freiheiten


",#NAME?,4,4,3,2,3,1,,2,3,4,4,3,3,4,5,2,2,19,52,3,,,,,,,,,106,35,38,61,32,185,146,53,656,3/11/2021 11:37,1,8,8,0,0,"0,87",0
468,SE,3/18/2021 11:06,2,3,Kaiser-Karl-Schule,,,,,2,"-Flat-Earth-Bewgung -> Behaupten Erde sei eine Scheibe
-Holocaust-Leugner -> Behaupten Holocaust habe nie statt gefunden
-Corona-Leugner -> Leugnen Corona
Hexenverfolgung -> Glaube an satanistische Gruppe von Frauen welche als Hexen bezeichnet und verfolgt wurden
-Klimawandelleugnung -> Klimawandel soll es angeblisch nicht geben
-9/11 Verschwörung -> Attentat soll vom US-Geheimdienst entweder nicht gespoppt, oder selbst ausgeführt worden sein   ","-Hiterfragen eines besreits umstrittenen Themas -> Bieten angebliche Erklärung
-Erklärungen sind meist aus der Luft gegriffen und bei genauerem Betrachten nicht nachvollziehbar 
-Durch Verschwörungstheorie wird meist eine bestimmte Gruppe von Menschen für etwas verantwortlich gemacht ",4,4,4,2,3,1,2,2,5,3,3,4,5,4,4,2,1,17,62,3,,,,,,,,,201,45,42,87,15,437,134,38,999,3/18/2021 11:23,1,8,8,0,0,"0,81",4
478,SE,3/19/2021 8:38,2,3,Gymnasium Brunsbüttel ,,,,,2,"Das Corona aus dem Labor kommt und alles von der Regierung geplant ist.
",Unruhe verbreiten. ,2,3,,1,1,1,2,2,4,4,1,3,4,,4,2,1,17,67,3,,,,,,,,,181,43,29,51,16,52,22,40,434,3/19/2021 8:45,1,8,8,0,0,"1,52",44
482,SE,3/19/2021 8:38,2,3,Gymnasium Brunsbüttel,,,,,2,"- Coronaleugner
-> Corona wurde sich vom Staat ausgedacht und die Gesellschaft wird manipuliert

- Coronavirus im Labor gezüchtet",#NAME?,2,2,3,3,5,2,3,3,5,2,4,4,4,4,3,2,1,16,69,3,,,,,,,,,186,40,33,71,33,252,36,66,717,3/19/2021 8:50,1,8,8,0,0,"1,01",11
484,SE,3/19/2021 8:38,2,3,Gymnasium Brunsbüttel ,,,,,2,"COVID9: angeblich würde es diesen Virus nicht geben.

Holocaust: einige leugnen den Holocaust, und behaupten es wäre eine Erfindung der Juden

Tod von Hitler: manche glauben Hitler wäre am Leben",Es sind oft Erfindungen von Minderheiten,4,4,4,2,2,1,3,2,4,5,4,4,5,4,5,3,2,17,70,3,,,,,,,,,216,33,26,55,10,304,37,48,729,3/19/2021 8:51,1,8,8,0,0,"1,28",21
489,SE,3/19/2021 8:39,2,3,Gymnasium Brunsbüttel ,,,,,2,#NAME?,#NAME?,3,4,3,2,4,2,3,3,5,4,3,4,5,4,4,3,1,16,72,3,,,,,,,,,86,25,30,54,14,157,136,34,536,3/19/2021 8:48,1,8,8,0,0,"1,18",11
493,SE,3/19/2021 8:39,2,3,Gymnasium Brunsbüttel ,,,,,2,Die Corona-Impfungen sollen angeblich ein chip enthalten der in unseren Körpern platziert werden soll,Sie stimmen nicht,5,3,4,1,2,2,2,2,1,,,2,3,4,,2,1,17,74,3,,,,,,,,,144,32,34,60,23,72,32,54,451,3/19/2021 8:47,1,8,8,0,0,"1,39",24
501,SE,3/19/2021 8:40,2,3,Gymnasium Brunsbüttel,,,,,2,Incel; Jüdische Weltverschwörung; Corona; 9/11; JFK; Flat Earth; Holocaust-Leugner: Reichsbürger,"""Gute"" und ""böse"" Menschen; ""Aufwachen""; Gegen Regierungen& andere große Organisationen

Meist geht es um differenzierte Meinungen zum normalen Weltbild, die Probleme/ wissenschaftliche Fakten (o.Ä.) abstreiten oder leugnen (und sich ggf. dagegen wehren",4,4,4,2,,2,2,2,4,,,4,4,5,4,,2,17,78,3,,,,,,,,,89,25,22,32,18,112,179,21,498,3/19/2021 8:49,1,8,8,0,0,"1,43",25
532,SE,3/23/2021 11:34,2,3,Gymnasium Brunsbüttel ,,,,,2,#NAME?,#NAME?,,3,,2,3,1,2,1,4,3,3,2,3,4,4,2,1,16,91,3,,,,,,,,,83,26,21,50,16,120,104,38,458,3/23/2021 11:42,1,8,8,0,0,"1,29",15
536,SE,3/23/2021 11:35,2,3,Gymnasium Brunsbüttel ,,,,,2,"1. Dass es Corona nicht gibt und es eine Erfindung von Merkel und der Regierung ist.
2. Dass der Weltuntergang näher kommt oder die Erde von Aliens überfallen wird
3. Verschwörungen über verschiedenste Politiker oder Prominente","1. Irgendjemand (meistens die Regierung) ist Schuld an etwas
2. Sie werden immer weiter verbreitet
3. Sie haben keine handfesten Beweise, sondern sind nur Gerüchte/Theorien",,2,3,2,2,2,2,3,4,3,4,4,4,5,4,2,1,17,93,3,,,,,,,,,237,45,70,59,24,135,96,46,712,3/23/2021 11:47,1,8,8,0,0,"0,88",3
539,SE,3/23/2021 11:35,2,3,Gymnasium Brunsbüttel ,,,,,2,#NAME?,"-zweifeln autoritäre Personen an 
-leugnen oder stellen sich gegen in der Gesellschaft fest verankerte Tatbestände 
-",3,2,2,1,2,2,3,3,3,2,1,3,4,4,4,,2,17,95,3,,,,,,,,,173,64,87,115,30,233,93,27,769,3/23/2021 11:48,1,8,8,0,0,"0,78",5
543,SE,3/23/2021 11:36,2,3,Gymnasium Brunsbüttel ,,,,,2,"Corona 
Holocaust
Impfen ","Belegte Sachen werden für falsch gehalten 
-Corna Virus wurde nachgewiesen 
-Holocaust wurde nachgewiesen 
",3,2,3,3,4,2,4,2,3,4,3,3,4,4,4,3,2,17,97,3,,,,,,,,,180,95,30,83,36,114,106,63,647,3/23/2021 11:48,1,8,8,0,0,"0,83",5
565,SE,3/29/2021 12:27,2,2,Oberschule zum Dom,,,,,2,Kenne Keine,Es sind meistens nicht wenig Menschen,3,,,4,3,2,2,3,4,1,2,2,2,2,1,2,1,15,108,3,,,,,,,,,140,26,64,55,27,56,44,80,492,3/29/2021 12:36,1,8,8,0,0,"1,28",26
570,SE,3/29/2021 12:28,2,2,Oberschule zum Dom ,,,,,2,#NAME?,#NAME?,,3,5,3,1,2,2,2,5,5,1,5,5,5,5,2,2,16,110,3,,,,,,,,,180,42,41,59,27,218,52,34,653,3/29/2021 12:39,1,8,8,0,0,"1,01",8
572,SE,3/29/2021 12:28,2,2,Oberschule zum Dom,,,,,2,"Dass bekannte Menschen uns Chips einpflanzen wollen und Corona gar nicht wirklich existiert. Bei einer Impfung werden uns Chips eingepflanzt und als Tarnung wird gesagt, dass Corona existiert

Der Terroranschlag am 11.9 war geplant und wurde wissentlicht zugelassen

Klimawandel existiert nicht und der Staat will nur Forschungsgelder erhalten

","Sie beruhen nicht auf der Wahrheit

Es wird immer nur viel erzählt aber niemand weiß es oder kann es beweisen
",3,2,,2,3,1,1,1,5,3,3,3,2,4,3,2,1,15,111,3,,,,,,,,,130,32,23,61,25,275,57,18,621,3/29/2021 12:38,1,8,8,0,0,"1,26",18
574,SE,3/29/2021 12:28,2,2,Oberschule zum Dom,,,,,2,"Reptiloidin
Flat earth
Tod bzw. Nachleben (Hitler, Elvis, Tupac, Jesus...)
Corona impfung im betug auf gates chip einpflanzung
Verleumgnung (Holocaust, Hitler war gegen juden, Bielefeld gibts nicht..)
Keine mondlandung
Hexenlehre
...","Sie bauen auf einer behauptung auf, welche nicht zu prüfen ist, jedoch auch schwer für normalos zu beweisen, dar auch oft große parteien hinter stehen, bsp. Nasa und Mondlandung",4,4,4,1,2,2,3,1,4,5,2,4,5,5,5,,2,16,112,3,,,,,,,,,160,30,68,63,43,169,46,47,626,3/29/2021 12:39,1,8,8,0,0,"0,99",9
590,SE,3/31/2021 11:59,2,3,Johann-Rist-Gymnasium,,,,,2,"Flache Erde Theorie
- Personen glauben noch immer an das Bild der flachen Erde und leugnen alles, was Gegenteiliges zeigt

Mondlandung inszeniert
- Die USA sei im kalten Krieg nie auf dem Mond gelandet, bloß Propaganda ",#NAME?,4,4,4,2,,1,2,2,4,4,2,3,5,3,3,,2,17,119,3,,,,,,,,,124,27,28,57,19,146,62,47,510,3/31/2021 12:08,1,8,8,0,0,"1,16",10
592,SE,3/31/2021 11:59,2,3,Johann-Rist-Gymnasium,,,,,2,#NAME?,#NAME?,4,5,5,2,3,2,4,3,4,3,1,3,3,3,2,4,1,16,120,3,,,,,,,,,150,27,36,84,20,125,246,84,772,3/31/2021 12:12,1,8,8,0,0,"0,88",5
594,SE,3/31/2021 11:59,2,3,Johann-Rist-Gymnasium,,,,,2,#NAME?,#NAME?,3,4,4,4,4,2,2,2,4,2,1,5,5,4,5,3,1,17,121,3,,,,,,,,,156,41,27,51,23,109,94,37,538,3/31/2021 12:08,1,8,8,0,0,"1,11",10
595,SE,3/31/2021 11:59,2,3,Johann-Rist-Gymnasium,,,,,2,"Ich kenne eine Verschwörungstheorie, die besagt,dass die Corona-Impfung einen Microchip ethält . Bei jeder Impfung wird, laut der Verschwörungtehorie, ein Mikrochip unter die Haut eingesetzt, mit dem die Menschen überwacht werden sollen. 

Außerdem gibt es eine Theorie, die besagt, dass die Regierung die Pandemie geplant habe. 
","
- haben keine richtigen Quellen / Statistiken
- wirken sehr absurd 
- meistes werden bestimmte Menschen oder Gruppen zu einem Sündenbock gemacht
- es git keine Zufälle",4,2,2,3,3,2,4,2,5,3,4,4,4,4,3,3,1,17,122,3,,,,,,,,,134,35,30,97,16,423,142,35,912,3/31/2021 12:14,1,8,8,0,0,"0,9",5
597,SE,3/31/2021 11:59,2,3,Johann_Rist_Gymnasium,,,,,2,"Flat Earth Theorie
Reptiloiden
Area 51
Chemtrails
Großer Austausch
Neue Weltordnung
9/11 Verschwörung","Können nicht bewiesen werden, unsinnig",5,4,4,1,4,1,3,3,1,4,4,3,5,5,4,,2,16,123,3,,,,,,,,,176,32,33,126,35,193,92,49,736,3/31/2021 12:11,1,8,8,0,0,"0,84",1
599,SE,3/31/2021 11:59,2,3,Johann-Rist Gymnasium,,,,,2,"Corona gibt es nicht: Die Verschwörungstheoretiker sind er Meinung, dass Corona eigentlich nicht existiert und nur erfunden wurde

Impfungen: Die Geimpften sollen angeblich durch die Impfung gegen Corona ein Mikrochip-Implantat gepflanzt bekommen

Klimawandelleugnung: Der Klimawandel würde gar nicht wirklich existieren

Gestohlene Wahl zum US-Präsidenten: Die Wahl wäre angeblich manipuliert worden und Trump ist der wahre Gewinner",#NAME?,,4,2,2,3,2,2,3,4,3,4,4,4,4,4,,1,17,124,3,,,,,,,,,139,37,38,90,20,414,132,55,925,3/31/2021 12:15,1,8,8,0,0,"0,78",0
601,SE,3/31/2021 11:59,2,3,Johann Rist Gymnasium,,,,,2,"Coronaverschwörung: 2 Theorien. 1. Es gibt den Corona Virus nicht und die Staaten wollen den Bürgern ihre Rechte wegnehmen, 2 Das gleich nur sie geben zu das es Corona gibt aber nur in einer Milderen Version. 
Impfung zum Tracking: Das wenn man sich gegen Corona aber auch andere Krankheiten sich impft man ein Mikrochip eingepflanzt bekommt damit alle Menschen verfolgt und überwacht werden.
Würmer in ffp2 Masken: Die Mächtigen packen würmer in die ffp2 Masken um sie Krank zu machen.
Flat Earth Theorie: Die Welt ist Flach und keine Kugel.
","Es gibt immer eine Höhere Macht oder die Mächtigen oder die Reichen , die die Menschen Kontrollieren wollen. Alle die nicht für  die Theorie sind schlafen entweder oder arbeiten für diese Höhere Macht. Sie verdrehen meist Wissen um ihre Theorie zu beweisen.",4,4,3,2,3,2,4,2,3,5,2,4,3,5,4,2,-9,,125,3,,,,,,,,,153,21,27,42,25,302,184,34,788,3/31/2021 12:12,1,8,8,8,8,"1,04",11
603,SE,3/31/2021 11:59,2,3,Johann Rist Gymnasium,,,,,2,"-Area fity 0ne ( Aliens)
- Bill gates hat Corona erschaffen
-oder die Chinesen haben Corona erfunden
- Corona gibt es nicht 
- durch die Coronaimpfung werden uns Chips eingesetzt um uns zu tracken
-...",#NAME?,3,4,4,1,,2,3,4,4,,,3,3,4,,,2,17,126,3,,,,,,,,,137,57,26,94,17,115,132,44,622,3/31/2021 12:10,1,8,8,0,0,"0,99",8
605,SE,3/31/2021 12:00,2,3,Johann-Rist-Gymnasium,,,,,2,"Flat Earth Theorie
-Erde sei flach

Kontakt mit Außerirdischen werde verheimlicht
-Area 51 forsche an solchen

Regierungsintrigen
-(unbestimmt) häufiger auftretend bei unterschiedlichen Themen

Die im Einleitungstext genannten Theorien",#NAME?,5,4,4,2,2,2,3,2,4,2,2,4,5,3,3,2,2,17,127,3,,,,,,,,,244,50,63,86,18,289,249,39,1038,3/31/2021 12:17,1,8,8,0,0,"0,72",2
611,SE,3/31/2021 12:01,2,3,Johann-Rist-Gymnasium,,,,,2,"Hexenlehre
""Judenverschwörung"" (die im Zweiten Weltkrieg besonders stark offen gezeigt wurde und die Ermordung von Millionen von unschuldigen Juden zur Folge hatte)
Holocaustverleugnung
Attentat auf John F. Kennedy (auch Mord an ihm)
Reichsbürgerbewegung","- richten sich meist gegen eine bestimmte Gruppe (Juden, Ausländer)
- sollen einen Umstand erklären
- und für diesen Umstand einen ""Sündenbock"" finden

- geheime Mächte sind im Spiel
- alles passiert wegen diesen bestimmten Mächten bzw. Personen",4,3,4,4,3,1,2,2,4,4,4,5,4,5,5,,1,17,130,3,,,,,,,,,120,24,36,44,18,259,131,33,665,3/31/2021 12:13,1,8,8,0,0,"1,07",9
332,SE,3/3/2021 14:22,2,2,Oberschule zu Dom ,,,,,2,"flat earther
bill gates und vaccine
Reptilioide
Corona vom Staat erfunden","die sind alle verrückt, ",5,5,5,1,,1,4,3,5,4,5,2,4,4,5,3,2,16,4,1,,,,,,,,,,63,56,64,154,35,55,41,335,3/3/2021 14:30,1,8,8,0,0,"1,17",39
334,SE,3/3/2021 14:22,2,2,Oberschule zum Dom,,,,,2,corona leugner,verbreitung von falschen fakten,3,4,4,2,3,2,2,1,1,4,1,2,3,5,5,,2,15,5,1,,,,,,,,,,35,54,187,18,34,19,46,269,3/3/2021 14:29,1,8,8,0,0,"1,45",65
337,SE,3/3/2021 14:22,2,2,"Oberschule zum Dom, Lübeck",,,,,2,#NAME?,#NAME?,2,4,,1,,2,1,2,3,2,2,2,3,4,5,,1,15,6,1,,,,,,,,,,103,26,63,18,119,66,38,365,3/3/2021 14:30,1,8,8,0,0,"1,16",13
340,SE,3/3/2021 14:25,2,2,OzD,,,,,2,viele,quatsch,3,3,5,1,3,2,3,1,3,4,1,2,4,4,4,2,2,15,7,1,,,,,,,,,,22,20,143,7,13,9,68,282,3/3/2021 14:29,1,8,8,0,0,"1,92",166
348,SE,3/5/2021 7:34,2,3,Detlefsengymnasium Glückstadt,,,,,2,"Q Anon: Ganz viel. Kinder werden im UNtergrund von der Elite gequält und deren Blut wird für die herstellung von Adrenochrom verwendet. Trump ist der Erlöser. Die Juden sind auch daran beteiligt.

Die Erde ist eine Scheibe

Bill Gates will uns mit der Impfung chippen.

Area 51: Sperrgebiet in den USA in denen die USA Waffentests machen

Chem Trails: Die Kondensstreifen am Himmel sind Chemikalien, mit denen der Staat uns schaden will.
","Es gibt eine Elite oder die Juden, die sich verschwören haben dem Volk zu schaden.

Zusammenhänge werden willkürlich gebildet.

Der Bürger soll sich immer selber informieren.

Menschliche Gefühle werden getriggert (besonders der Mutterinstinkt bei QAnon)",3,4,4,3,2,3,4,3,4,5,4,4,5,5,5,2,1,17,9,1,,,,,,,,,,34,35,70,20,329,199,59,746,3/5/2021 7:46,1,8,8,0,0,"0,83",1
349,SE,3/5/2021 7:34,2,3,Detlefsengymnasium ,,,,,2,"- ""Das Coronavirus wurde in einem Labor in China gezüchtet""
- ""Das Coronavirus ist nur ein Mittel der Regierung, um unsere Freiheitsrechte zu 
  nehmen""
- ""Jfk wurde nicht allein Oswald erschossen worden sein"" 
--> ""vier Schüsse, die hätte er nicht alleine abgeben können""
- ""Corona gibt es gar nicht""",#NAME?,3,2,3,1,3,1,2,3,2,3,,2,3,4,3,,1,17,10,1,,,,,,,,,,34,34,69,20,360,76,85,678,3/5/2021 7:45,1,8,8,0,0,"0,91",3
352,SE,3/5/2021 7:34,2,3,Detlefsengymnasium Glückstadt,,,,,2,"Theorien über Personen
Theorien über Handlungen","Sie werden alle schnell verbreitet.
Viele sind ausgedacht.",4,3,2,4,4,1,2,3,3,4,2,4,5,4,4,3,1,17,11,1,,,,,,,,,,38,26,39,18,63,79,34,297,3/5/2021 7:39,1,8,8,0,0,"1,52",27
355,SE,3/5/2021 7:34,2,3,Detlefsengymnasium Glückstadt ,,,,,2,"Der Anschlag vom 11. September soll von der CIA durchgeführt worden sein, um einen Grund zu haben, sich in Konflikte im nahen Osten einzumischen. Dadurch käme die USA an Rohstoffen wie Öl.

Die Mondlandung sei ""gefaked"" worden, da die auf den Videos zu sehende Mondlandschaft, der in der amerikanischen Wüste gleiche. 

Die Regierung arbeite zusammen mit Außerirdischen und würde dies für die Sicherheit der Bevölkerung verschweigen.

","Der Staat versucht etwas zu verschweigen, um eigene Vorteile heraus zu ziehen, oder um eine Massenhysterie zu vermeiden.",4,4,4,3,1,1,2,2,4,2,2,2,3,4,3,3,2,16,12,1,,,,,,,,,,55,25,70,18,336,51,37,592,3/5/2021 7:44,1,8,8,0,0,"1,12",12
358,SE,3/5/2021 7:34,2,3,Detlefsengymnasium Glückstadt,,,,,2,"9/11-Verschwörungstheorie der Terroranschlag 2001 soll von Us-amerikanischen Geheimdiensten ausgeführt werden sollen.
Corona- Zur Corona Pandemie existieren zahlreiche Verschwörungstheorien, dass es Corona nicht gibt, dass es eine Maßnahme zur  Verringerung der Menschen Population sei etc.","Es gibt meist keine Studien zu den Behauptungen 
",4,4,4,1,3,1,4,3,5,2,2,3,4,4,4,,1,16,13,1,,,,,,,,,,47,34,60,20,285,76,32,554,3/5/2021 7:43,1,8,8,0,0,"1,04",6
362,SE,3/5/2021 7:34,2,3,Detlefsengymnasium Glückstadt,,,,,2,"Q-anon: Eine Theorie, die besagt, dass der Staat mit Pädophilen Kinder fange, um sie festzuhalten und ""Adrenochrom"" aus ihnen zu gewinnen. Sie leugnen auch Corona, sind gegen Satanisten. Geschichtlicher Hintergrund: Ritualmordlegende --> Antisemitismus

Area-51: Dort soll es Aliens auf einer Amerikanischen Militärbasis geben, die dort geheim untersucht werden.

Michael Jackson/Tupac ist doch nicht Tod: Es wird spekuliert, dass diese Persönlichkeiten noch leben könnten.

","Alle Verschwörungstheorien sind oft ohne richtiges Hintergrundwissen aufgebaut. Sie werden einfach geglaubt und es wird spekuliert.
Oft werden diese Radikal verbreitet und wollen andere von ihrer Meinung überzeugen.",3,4,4,1,2,2,2,2,4,5,4,4,5,5,5,3,2,18,14,1,,,,,,,,,,45,40,87,17,396,161,57,803,3/5/2021 7:47,1,8,8,0,0,"0,79",2
365,SE,3/5/2021 7:34,2,3,Detlefsengymnasium Glückstadt,,,,,2,"QAnon: Ein anonymer Nutzer habe wohl in einem Online-Forum Hillary Clintons Festnahme prophezeit. Angeblich gehe es dem ""Weltrettungskult"" darum, dass die Menschen selbst denken. Der ehemalige US-Präsident Trump wurde von den Mitgliedern der Bewegung quasi vergöttert.

Die Theorie, es gäbe keinen Virus, oder er sei extra geschaffen, um Kontrolle über die Bevölkerung zu erlangen.

Ich kenne den Namen nicht, aber es wurde auch behauptet, Juden würden in ihren Kreisen Kinderblut trinken.

Auf der Area 51 würde es Außerirdische geben oder mit ihnen kommuniziert werden.","Sie verleugnen die ""Fakten"", die die Medien verbreiten, wenden sich manchmal gegen ganz bestimmte Menschengruppen",2,2,3,3,4,3,2,2,4,4,2,4,4,4,4,3,1,17,15,1,,,,,,,,,,46,52,69,59,573,70,41,872,3/5/2021 7:49,1,8,8,0,0,"0,79",4
509,SE,3/19/2021 9:53,2,3,Gymnasium brunsbüttel ,,,,,2,"Flat earth
Reptaloiden
Gott(JEDE RELIGION)
Die Mond Landung
Kondenz Streifen Flugzeug
","Sie machen halt keinen Sinn, aber die meisten dummen Leute versuchen damit irgendwas zu erreichen. Sie werden nur ausgenutzt für andere Zwecke. ",,5,5,1,3,,4,1,4,5,,4,4,5,5,1,2,17,81,1,,,,,,,,,,33,79,67,109,92,102,641,395,3/19/2021 10:12,1,8,8,0,0,"0,82",8
296,U1,3/3/2021 9:22,2,3,Detlefsengymnasium,Al,5,19,Al0519,2,"Corona gibt es nicht, ist nur irgendwas mit Steuern oder so

Corona-Impfung ist keine Impfung - es werden Implantate gespritzt (irgendwas mit Bill Gates) oder es wächst ein dritter Arm

""Reichsbürger"" - es gibt keine deutsche Republik

","Haben einen Ursprung, den dann zahlreiche Leute verbreiten und dann einige dran glauben.
Verbreitung ist häufig übers Internet, über Gruppen und so

Verbreitung ist nie über ""sicherer"" Nachrichtendienste wie Tagesschau

",,2,,3,,1,3,3,4,,,3,4,4,4,2,1,17,,1,,,,,,,,,101,50,88,83,21,192,138,36,655,3/3/2021 9:33,1,8,8,0,0,"0,79",2
168,U1,2/22/2021 8:00,2,3,Friedrich-Paulsen Schule Niebüll,An,4,24,An0424,2," - nicht gut genug, um sie auf zu listen", - denke. dass sie auf keinen Quellen beruhen,3,2,,1,2,,2,1,4,,3,4,4,,4,,2,17,,1,,,,,,,,,94,42,49,88,23,108,92,68,564,2/22/2021 8:10,1,8,8,0,0,"0,9",5
173,U1,2/22/2021 8:01,2,3,FPS Niebüll,An,5,5,An0505,2,"Erde ist eine Scheibe
Reptiloiden
Merkel wurde von Aliens eingesetzt oder ist ein Alien
Trump hat die Wahl gewonnen","Verbreiten sich häufig bei ungebildeteren Bevölkerungsschichten
Führen manchmal auf das Mittelalter zurück
Haben Wurzeln vor der Renaissance

",4,1,5,2,1,3,4,4,5,,5,4,3,4,3,,2,15,,1,,,,,,,,,63,30,36,45,12,56,169,27,438,2/22/2021 8:08,1,8,8,0,0,"1,44",28
175,U1,2/22/2021 8:01,2,3,Friedrich Paulsen Schule (FPS),An,7,9,An0709,2,"-Bill Gates will beim Impfen den Menschen irgendwelche Chips in den Kopf setzten und sie damit total kontrollieren 

- Corona kommt durch die 5G Masten 

- Hitler ist nicht in Berlin gestorben sondern nach Argentinien geflohen 

","- Sie beruhen nicht auf Fakten sondern auf irgendwelchen Erzählungen die nicht bestätigt sind 

- ",2,4,4,1,1,2,2,1,5,5,3,4,4,4,4,3,2,16,,1,,,,,,,,,78,43,69,64,16,229,52,25,576,2/22/2021 8:10,1,8,8,0,0,"1,08",9
181,U1,2/22/2021 8:01,2,3,Friedrich-Paulsen-Schule,An,8,27,An0827,2,#NAME?,#NAME?,4,,,2,2,2,2,2,4,,,4,4,4,5,,2,17,,1,,,,,,,,,116,228,32,46,15,89,42,45,425,2/22/2021 8:11,1,8,8,0,0,"1,18",16
116,U1,2/18/2021 8:02,2,3,Friedrich-Paulsen-Schule,Be,3,22,Be0322,2,#NAME?,#NAME?,3,1,4,4,4,2,3,2,4,3,2,3,2,4,4,3,2,17,,1,,,,,,,,,113,62,54,116,40,303,39,82,809,2/18/2021 8:15,1,8,8,0,0,"0,77",7
169,U1,2/22/2021 8:01,2,3,FPS Niebüll,Be,7,26,Be0726,2,#NAME?,"-Sie lassen immer bestimmte Personen/Gruppen schlecht aussehen
-Stützen sich meist auf sehr ""wacklige"" Argumente",4,3,4,1,2,2,2,1,4,3,3,3,3,3,3,4,2,16,,1,,,,,,,,,46,23,34,61,22,237,179,41,643,2/22/2021 8:11,1,8,8,0,0,"1,07",10
246,U1,3/1/2021 12:51,2,3,Detlefsengymnasium,BI,4,19,BI0419,2,"Corona gibt es nicht, der Virus ist erfunden.

Die Erde ist keine Kugel

",Sie werden  durch das Internet verbreitet ,2,3,4,2,2,1,2,3,4,3,4,1,4,4,4,3,1,17,,1,,,,,,,,,102,48,24,49,26,93,44,28,414,3/1/2021 12:58,1,8,8,0,0,"1,3",20
238,U1,3/1/2021 12:51,2,3,Detlefsengymnasium Glückstadt,Bi,6,28,Bi0628,2,"Klimawandelleugnung: Den Klimawandel gäbe es nicht
COVID9: Es existieren viele Verschwörungstheorien zu dem Virus
Gestohlene Wahl zum US-Präsidenten: Es wird behauptet, dass die Wahl manipuliert wurde
",#NAME?,3,2,3,2,3,,1,1,4,4,4,3,4,4,4,3,1,17,,1,,,,,,,,,83,47,26,37,15,293,93,27,621,3/1/2021 13:01,1,8,8,0,0,"1,14",11
233,U1,3/1/2021 12:51,2,3,Detlefsengymnasium Glückstadt ,Ca,1,16,Ca0116,2,#NAME?,"Verschwörungstheorien werden oft von Menschen in die Welt gesetzt, für die sich durch die Theorien irgendwelche Sachen zum Vorteil entwickeln.",2,2,2,1,3,2,2,2,4,3,3,3,4,4,4,2,1,16,,1,,,,,,,,,92,35,28,91,16,279,106,46,693,3/1/2021 13:02,1,8,8,0,0,"0,92",3
118,U1,2/18/2021 8:02,2,3,Friedrich-Paulsen-Schule,Ch,7,14,Ch0714,2,"Klimawandelleugnung
9/11 -Verschwörungstheorie ","Geheime Verschwörung 
Bezieht sich auf eine Gruppe 
Urteilen in gut und böse ",2,3,3,1,3,1,2,2,5,2,3,3,4,3,4,2,1,17,,1,,,,,,,,,92,45,30,73,23,121,107,59,550,2/18/2021 8:11,1,8,8,0,0,"0,94",4
252,U1,3/1/2021 12:52,2,3,Detlefsengymnasium Glückstadt ,Ch,9,30,Ch0930,2,"Bill Gates hat Corona erschaffen, um die Weltherrschaft zu erlangen, indem er uns bei der Impfung Chips einpflanzen lässt.

In Area 51 hält die USA Aliens versteckt.

","Angst machen 

Aus Panik etwas „logisches“ als Erklärung finden 

Soziale Misstände erklären 

Politisch Entscheidungen angreifen mit denen man nicht einverstanden ist ",4,4,4,1,3,1,3,2,3,2,2,3,4,4,3,4,2,17,,1,,,,,,,,,135,43,38,52,25,148,138,38,617,3/1/2021 13:02,1,8,8,0,0,"0,92",4
295,U1,3/3/2021 9:22,2,3,Detlefsengymnasium,Co,2,19,Co0219,2,"Q-Anon
- es werden immer wieder kleine Hinweise gegeben auf Vorhersagen oder ähnliches
- Es ging dabei glaube ich um einen Schatten Staat 

Corona Impfungen
- jedem wird beim Impfen ein Chip eingesetzt

Bielefeld Verschwörung
- Die Stadt Bielefeld existiert laut dieser Verschwörung gar nicht ",#NAME?,,4,4,2,3,2,3,3,4,3,,4,4,4,3,,1,17,,1,,,,,,,,,68,77,49,111,30,335,118,74,825,3/3/2021 9:36,1,8,8,0,0,"0,67",1
174,U1,2/22/2021 8:01,2,3,Friedrich-Paulsen-Gynasium,Da,6,15,Da0615,2,Corona ,"erfunden und eine bestimmte gruppe menschen glaubt dran
",2,3,2,1,2,1,2,1,1,1,1,3,5,4,1,1,1,17,,1,,,,,,,,,33,65,21,46,20,91,50,34,360,2/22/2021 8:07,1,8,8,0,0,"1,48",27
120,U1,2/18/2021 8:02,2,3,Friedrich-paulsen-Schule ,Da,14,19,Da1419,2,"Corona gibt es nicht ~ Menschen behaupten Corona wäre vom Staat gemacht, unbestimmte Ziele zu erreichen.

","Unseriöse Quellen
Unlogische Aussagen ( gegen etwas argumentieren, was quasi bewiesen ist )
Keine Fakten in den Aussagen 
",4,4,4,1,2,2,3,3,4,3,4,4,3,4,3,3,1,16,,1,,,,,,,,,40,46,40,48,16,185,148,45,568,2/18/2021 8:11,1,8,8,0,0,"1,08",8
297,U1,3/3/2021 9:22,2,3,Detlefsengymnasium Glückstadt,Do,2,21,Do0221,2,Merkel Diktatur,Ich weiß kaum etwas über Verschwörungstheorien. Die Verbreitung über die sozialen Medien könnte eine Gemeinsamkeit sein ,3,2,,2,2,1,2,1,3,,,2,3,,,,1,17,,1,,,,,,,,,80,35,30,38,20,30,102,46,381,3/3/2021 9:28,1,8,8,0,0,"1,31",38
183,U1,2/22/2021 8:01,2,3,Friedrich-Paulsen-Schule,Do,4,12,Do0412,2,"- Reptiloide
- beim Impfen gegen COVID9 wird ein Chip implantiert
- Area 51
- Wahlsieg von Joe Biden wurde „gestohlen“",#NAME?,2,4,3,3,2,2,3,2,4,3,3,4,4,4,4,3,1,17,,1,,,,,,,,,56,28,20,29,14,217,101,36,501,2/22/2021 8:09,1,8,8,0,0,"1,35",20
119,U1,2/18/2021 8:02,2,3,Friedrich Paulsen Schule,Do,5,4,Do0504,2,"1. ""Impfen ist Gift"", auch genannt Impfgegner, sind Menschen, die sich nicht nur gegen Zwangsimpfungen wehren, sondern allgemein glauben Impfungen würden mehr schaden als nützen.

2. Bill Gates will uns alle mit Mikrochips versehen um uns zu überwachen und die Weltherrschaft an sich zu reißen. Außerdem will er die  Weltbevölkerung ausdünnen.

3. Altbekannter Nonsense, wie die Reptiloiden, die unter uns leben

4. ""Dolchstoßlegende"", sie besagt, dass die Aufstände in Deutschland für die Niederlage im 1. Weltkrieg verantwortlich waren, und nicht wie in Wirklichkeit militärische Unterlegenheit.

5. allgemeine Nazipropaganda und ""Heldenhafte Mythen über Hitler"", absolut quatsch

6. Flache Erde, die Erde ist eine Scheibe","Sie basieren nicht auf wissenschaftlichen Fakten, auch den Anhängern ist meistens mit diesen nicht beizukommen.",4,4,4,2,3,2,3,2,4,4,1,4,4,5,4,4,2,17,,1,,,,,,,,,135,33,53,96,39,362,34,29,781,2/18/2021 8:15,1,8,8,0,0,1,13
110,U1,2/18/2021 8:01,2,3,Friedrich Paulsen Schule,Do,7,19,Do0719,2,"Die Regierung nutzt die Corona-Krise aus und ""übertreibt"" mit den Maßnahmen, um mehr Gehorsam von den Bürgern zu erlangen.

Die Antifa und nicht die Unterstützer von Trump haben das Kapitol gestürmt, um Trump und seine Anhänger schlecht dastehen zu lassen.

Den Klimawandel gibt es nicht und die Regierung und reiche Leute haben sich das nur ausgedacht, weil sie dadurch profitieren z.B. Durch die Co2- Steuer","Reiche und mächtige Leute profitieren von ihnen 

Medien werden von der Regierung kontrolliert",2,3,5,4,4,2,3,5,4,3,3,4,4,5,5,,1,17,,1,,,,,,,,,102,45,67,50,23,403,73,45,808,2/18/2021 8:15,1,8,8,0,0,"0,84",2
193,U1,2/22/2021 8:01,2,3,FPS Niebüll,Do,9,4,Do0904,2,"Klimawandelleugnung, Theorien über Corona, gefälschte Wahlergebnisse in den USA,Die Erde ist eine Scheibe, 9/11, Impfgegner","geheime Verschwörungen, Verbreitung von falschen Informationen ",3,4,4,3,3,1,3,2,4,4,3,3,4,5,4,2,1,16,,1,,,,,,,,,80,34,25,78,11,283,91,35,637,2/22/2021 8:12,1,8,8,0,0,"1,09",9
250,U1,3/1/2021 12:51,2,3,Detlefsengymnasium,Ev,11,27,Ev1127,2,"Area 51
911
Bill Gates
Corona
Kennedy
Erde eine Scheibe
Mondlandung","Vertuschungsversuche

nicht Bestätigt",4,4,4,4,5,3,4,2,5,,2,4,5,5,2,,2,17,,1,,,,,,,,,89,51,41,45,17,56,87,27,413,3/1/2021 12:58,1,8,8,0,0,"1,31",21
249,U1,3/1/2021 12:51,2,3,Detlefsen Gymnasium,Fr,9,3,Fr0903,2,"Aliens, Q-Anon, Area 51, Corona, Marsmenschen, Krümmung der Erde, Echsenmenschen","Unbestätigt
Meist sehr wirr",3,4,4,5,2,4,2,3,3,4,3,4,4,4,4,3,2,17,,1,,,,,,,,,82,44,88,72,17,91,53,35,428,3/1/2021 12:59,1,8,8,0,0,"1,12",12
176,U1,2/22/2021 8:01,2,3,FPS-Niebüll,Ga,9,12,Ga0912,2,"Chemtrails, sind angeblich giftige Wolken welche als Kondenzstreifen auftreten.

Die Mondlandung soll nicht existiert haben.",.,1,2,3,1,3,1,2,2,4,3,,3,4,5,4,2,2,17,,1,,,,,,,,,56,32,31,52,17,332,30,41,591,2/22/2021 8:10,1,8,8,0,0,"1,29",17
292,U1,3/3/2021 9:22,2,3,Detlefsengymnasium,He,7,26,He0726,2,"Echsenmenschen in der Politik - Die Politik ist durch Außerirdische infiltriert

Corona war/ist geplant - Test für die Gesellschaft und die Politik

Area 51 - In der Geheimanlage werden an Außerirdischen geforscht etc.

",Man ist sich über einen Sachverhalt nicht sicher und reimt sich selber seine Lösung des Problems bzw. eine Erklärung dieses zusammen.,2,4,,1,2,,3,2,3,,2,4,4,3,4,,2,16,,1,,,,,,,,,60,39,36,72,28,141,63,45,484,3/3/2021 9:30,1,8,8,0,0,"1,05",6
285,U1,3/3/2021 9:22,2,3,detlefsengymnasium,He,8,12,He0812,2,#NAME?,"- alle haben angebliche ""Beweise""
- sie gehen gegen die Norm
- es gibt Gruppen die ihnen anhängen",,3,4,2,3,1,1,1,,,,3,3,4,3,,2,16,,1,,,,,,,,,111,46,24,67,26,262,161,51,748,3/3/2021 9:34,1,8,8,0,0,"0,83",3
177,U1,2/22/2021 8:01,2,3,FPS Niebüll,iv,3,10,iv0310,2,"Coronaleugner
Illuminati
Bill Gates würde die ganze Welt regieren.
Die Amerikaner hätten nie den Mond betreten. 
9/11 wäre von Amerikanern angeleihert worden.","es lassen sich immer irgendwelche Fakten finden, um Teile der Behauptungen zu beweisen. Diese Verschwörungstheorien werden nicht von staatlichen Institutionen unterstützt.",1,4,4,2,3,2,2,2,3,4,4,3,5,3,3,1,1,17,,1,,,,,,,,,63,30,29,47,16,151,155,35,526,2/22/2021 8:09,1,8,8,0,0,"1,15",10
235,U1,3/1/2021 12:51,2,3,Detlefsengymnasium,Ja,1,26,Ja0126,2,"-Area 51, bereits Alien erforscht
- Megadolon, der größte Hai der Welt lebt wohl noch
-Verschwörungstheorien im allgemeinen vom und gegen den Staat (z.b von Amerika)
-Illuminaties
-Horrorgeschichten (z.b. slenderman, bloody marry,...)","-Man kennt kein urteil
ob es stimmt oder nicht
-viele verschieden varianten 
-",4,3,3,1,3,1,3,2,5,2,2,4,5,4,3,3,1,17,,1,,,,,,,,,87,30,30,47,24,147,45,43,453,3/1/2021 12:58,1,8,8,0,0,"1,19",12
112,U1,2/18/2021 8:02,2,3,Friedrich-Paulsen-Schule Niebüll,Ja,3,9,Ja0309,1,"Natürlich die aktuellen Corona-Verschwörungen —>Corona wurde von ... als Biowaffe entwickelt und in Umlauf gebracht, um die Gesellschaft zu zerstören...

9/11 wurde von den US-Geheimdiensten selbst herbeigeführt/ willentlich und wissentlich zugelassen

Klimawandel ist wissentlich herbeigeführt/ nicht existent, um den Sozialismus herbeizuführen

Wahl in den USA von Joe Biden „gestohlen“

Mondlandung 1969 war ein Fake

...
..
Könnte man ewig so weiter führen




","Meist abstrus

Können normalerweise leicht widerlegt werden (->wird von Verschwörungstheoretikern aber nicht zugelassen)

Verschwörungstheorien sind fast schon ein Kult
",4,4,4,2,2,2,2,2,4,4,3,2,3,4,4,,1,16,,1,,,,,,,,,31,34,32,50,17,507,119,74,864,2/18/2021 8:16,1,8,8,0,0,"1,08",13
231,U1,3/1/2021 12:51,2,3,Detlefsengymnasium,Je,2,26,Je0226,2,#NAME?,#NAME?,,,,4,,1,3,3,4,4,,3,4,4,4,2,1,17,,1,,,,,,,,,127,68,45,96,47,214,104,42,714,3/1/2021 13:03,1,8,8,0,0,"0,71",0
290,U1,3/3/2021 9:22,2,3,Detlefsengymnasium Glückstadt,Je,8,6,Je0806,2,"Covid9: Das Virus sei im Labor erzeugt worden

Corona Impfung: es soll bei der Impfung angeblich auch ein Mikrochip unter die Haut gesetzt werden

Brunnenvergiftung: Wir hatten in Geschichte das die Juden für die Pest verantwortlich war indem sie die Brunnen vergiftet haben

Neonazis verwenden häufig Verschwörungstheorien, wie 
","Verschwörungstheorien versuchen meist eine Tat oder ein Ereignis zu begründen und zu entschuldigen.
",3,2,3,1,,2,2,2,4,4,3,4,5,5,5,3,1,17,,1,,,,,,,,,60,43,52,55,16,367,124,55,772,3/3/2021 9:34,1,8,8,0,0,"0,88",3
243,U1,3/1/2021 12:51,2,3,Detlefsengymnasium ,Ju,7,23,Ju0723,2,"Erde ist flach keine Kugel 
Corina ist von der Regierung geplant 
Prominente sind Echsenmenschen 
","Keine Fakten zur Bestätigung 
Aus der Luft gegriffen
Keine guten Argumentationen ",3,4,4,2,4,2,3,2,5,3,2,4,4,4,3,2,1,17,,1,,,,,,,,,75,33,67,44,15,219,76,61,590,3/1/2021 13:01,1,8,8,0,0,1,6
186,U1,2/22/2021 8:01,2,3,Friedrich Paulsen Schule,ka,8,12,ka0812,2,"CO2 wäre nicht schädlich, sondern hilft den Planzen beim Wachsen.

Corona gibt es eigentlich überhaupt gar nicht, es sollen nur die Persönlichkeitsrechte eingeschränkt werden. 

","Meistens entstehen Verschwörungstheorien, wenn Menschen nicht auf eine bestimmte Sache verzichten möchten oder sich eingeschränkt fühlen",4,3,3,4,,2,3,,4,3,3,3,4,4,4,,1,17,,1,,,,,,,,,101,40,30,45,17,298,82,23,636,2/22/2021 8:11,1,8,8,0,0,"1,11",9
241,U1,3/1/2021 12:51,2,3,Detlefsengymnasium Glückstadt,Ke,7,19,Ke0719,2,"9/11, Area 5, Corona ",Keine Bestätigung von Ereignissen,3,4,2,3,2,1,1,2,2,2,2,3,4,1,2,3,2,17,,1,,,,,,,,,145,22,26,49,13,50,113,99,463,3/1/2021 12:59,1,8,8,0,0,"1,3",28
194,U1,2/22/2021 8:01,2,3,Friedrich Paulsen Schule ,Ke,17,19,Ke1719,2,"antisemitische Verschwörungstheorien, die zum Holocaust beigetragen haben ( extreme Vorurteile gegenüber Juden)

Verschwörungen gegen Menschen, die anders waren, dem gesellschaftlichen Bild einer Hexe ähnelten ( Hexenverbrennung)","Es werden bestimmte Menschengruppen ausgegrenzt, die sich von dem Idealbild der Gesellschaft abgrenzen",,4,4,2,3,1,2,1,5,4,5,4,5,,,4,1,16,,1,,,,,,,,,37,24,21,53,14,117,32,48,346,2/22/2021 8:07,1,8,8,0,0,"1,61",31
114,U1,2/18/2021 8:02,2,3,Friedrich-Paulsen-Schule,KH,12,25,KH1225,2,"Corona gibt es nicht
Die Presse macht gehirnwäschen
Der Staat nutzt die Situation aus",Der Staat ist am Ende schuld,2,3,3,3,3,1,3,2,4,3,3,4,4,4,5,1,2,17,,1,,,,,,,,,53,46,25,45,15,77,42,32,335,2/18/2021 8:07,1,8,8,0,0,"1,5",26
109,U1,2/18/2021 8:01,2,3,Friedrich-Paulsen Schule,Ki,11,29,Ki1129,2,"Corona
11. September 2001
NSU Morde
Die 5G-Verschwörung","Sie behaupten Geheimwissen zu haben und sich auf zahlreiche Quellen zu beziehen, dabei schreiben sie alle nur voneinander ab.

Sie lassen keine Gegenbeweise gelten, diese seien nur ein Zeichen für die Macht der
Verschwörer

Sie sehen hinter allem eine böse Macht.

Ihr ständigen Wiederholungen erwecken den Eindruck der Wahrheit. Dabei variieren sie immer dieselben Kernthesen


",4,4,4,1,3,3,2,3,4,2,2,3,4,5,3,3,2,17,,1,,,,,,,,,56,25,44,72,15,100,130,60,502,2/18/2021 8:10,1,8,8,0,0,"1,13",13
170,U1,2/22/2021 8:01,2,3,Fps niebuell,Ki,27,23,Ki2723,2,Die mit dem Impfstoff weil das an dauernd in den Nachrichten ist ,Sie basieren alle auf einer Vorstellung der Menschen die sie verfolgen,5,4,4,1,3,1,2,1,4,3,3,5,5,4,4,3,2,16,,1,,,,,,,,,65,36,34,79,18,40,64,56,392,2/22/2021 8:07,1,8,8,0,0,"1,27",27
248,U1,3/1/2021 12:51,2,3,Detlefsengymnasium ,Kr,14,4,Kr1404,2,Q anan : trump anhännger rettetvor dem tiefen staat ,nicht war / echt ,,,,,,3,2,1,3,4,2,3,3,3,3,3,1,18,,1,,,,,,,,,124,124,43,74,25,175,21,38,540,3/1/2021 13:02,1,8,8,0,0,"1,07",19
117,U1,2/18/2021 8:02,2,3,Friedrich-Paulsen-Schule,Lu,12,10,Lu1210,2,"Die Angebliche Wahlfälschung bei US-Präsidentschaftswahl. Es wurde behauptet, von der Seite Trumps, dass die gegnerische Seite Betrug vornahm.",Sie sind unkonventionell und in gewisser Weise sehr abstrakt. Verschwörungstheorien sind häufig ein Grund zur Auflehnung.,,2,,3,2,2,3,2,4,3,4,3,3,,3,,2,17,,1,,,,,,,,,65,44,64,74,46,187,213,46,711,2/18/2021 8:14,1,8,8,0,0,"0,78",1
188,U1,2/22/2021 8:01,2,3,Friedrich-Paulsen-Schule Niebüll ,Ma,2,10,Ma0210,2,"Kennedy Mord 
Das Jesus Nachfahren hat ","Es wird versucht auf ein Thema eine andere Lösung zu finden, als die, die allen bekannt ist.",3,3,,2,,,2,1,,,,3,3,5,,,2,16,,1,,,,,,,,,110,84,35,73,22,156,81,68,585,2/22/2021 8:11,1,8,8,0,0,"0,83",1
289,U1,3/3/2021 9:22,2,3,Detlefsengymnasium Glückstadt,Ma,3,22,Ma0322,2,"Illuminatenorden 
->hatte das Ziel die Herrschaft von Menschen über Menschen überflüssig zu machen

Area 51
-> militärisches Sperrgebiet","Geheimhaltungen
",2,,3,1,3,2,2,1,4,,,3,4,4,,2,1,16,,1,,,,,,,,,143,97,48,126,61,267,31,92,765,3/3/2021 9:36,1,8,8,0,0,"0,78",10
291,U1,3/3/2021 9:22,2,3,Detlefsengymnasium Glückstadt,Ma,5,12,Ma0512,2,"Einige Verschwörungstheorien der Q-Anon Bewegung,
wie zum Beispiel die Eliten, welche durch Unicef Kinder erhalten und das Adrenocrom der Kinder trinken um Jung zu bleiben.
Oder, dass Angela Merkel mit Adolf H. Blutsverwandt ist.
Auch kenn ich die Verschwörungstheorie, dass die Regierung was im Schilde führt und Covid9 nicht real ist.","Es richtet sich meist gegen Regierungen oder Hochangesehene.
",3,4,4,3,3,3,2,2,4,4,2,3,4,4,3,3,2,17,,1,,,,,,,,,76,41,36,58,30,323,81,57,702,3/3/2021 9:33,1,8,8,0,0,"0,87",1
187,U1,2/22/2021 8:01,2,3,FPS,Ma,6,19,Ma0619,2,"-COVID9 gibt es nicht
-COVID9 Erfindung von der Regierung
•um Diktatur zu erlangen
•um Bargeld abzuschaffen
-Klimawandel gibt es nicht 
",Unseriöse Quellen,4,4,4,1,4,1,4,2,3,3,2,4,4,5,5,3,1,17,,1,,,,,,,,,96,25,50,62,16,286,43,26,604,2/22/2021 8:11,1,8,8,0,0,"1,18",14
247,U1,3/1/2021 12:51,2,3,Detlefsengymnasium,Ma,6,28,Ma0628,2,Coroa Leugner,Gruppierungen,4,4,4,1,1,1,2,2,1,2,1,3,4,2,3,4,2,17,,1,,,,,,,,,95,32,26,99,16,35,27,29,359,3/1/2021 12:57,1,8,8,0,0,"1,58",47
122,U1,2/18/2021 8:03,2,3,Friedrich-Paulsen-Schule,Ma,7,2,Ma0702,2,"Querdenker, derzeit während Corona
- Einführung Impfpflicht 
- geplanter Ausbruch
-Einschränkung und Rauben der Grundrechte
Ungeklärte NSU Morde 
Geheimestaatsakten von den USA, Russland etc 
( bei uns im Dorf die Gerüchte ? Kleine Verschwörungstheorien ?) 
","Theorien, nicht direkt beweisbar 
Wird nach Gründen gesucht- Theorie wird nicht nach den Fakten aufgestellt 
Verbreitung übers Internet 
Demonstrationen/ Kundtuhungen 
Vermutungen ohne große Fakten 
",3,2,4,2,4,2,2,3,4,4,2,3,4,4,2,,1,16,,1,,,,,,,,,57,33,30,59,19,208,139,70,615,2/18/2021 8:13,1,8,8,0,0,"0,98",5
178,U1,2/22/2021 8:01,2,3,Friedrich-Paulsen-Schule Niebüll,Ma,7,11,Ma0711,2,"UNICEF ist der Transporteur von Kinder für die Eliten
QAnon
Corona ist geplant",Sie Stimmen nicht und sind unrealistisch.,3,4,3,1,2,2,4,4,5,4,4,4,4,5,5,2,2,17,,1,,,,,,,,,54,47,36,38,13,123,106,30,447,2/22/2021 8:08,1,8,8,0,0,"1,25",15
113,U1,2/18/2021 8:02,2,3,FPS Niebüll,Ma,11,87,Ma1187,2,#NAME?,#NAME?,3,2,,4,3,1,2,3,4,5,3,3,4,4,5,3,1,17,,1,,,,,,,,,44,22,27,61,11,68,73,27,333,2/18/2021 8:07,1,8,8,0,0,"1,62",31
293,U1,3/3/2021 9:22,2,3,detlefsengymnasium glückstadt,ma,12,23,ma1223,2,"- Corona: viele Verschiedene: z.b. aus labor freigelassen 

- Hexen: früher galten rothaarige als Hexen und wurden verbrannt oder so

- USA: politik 

- 18/19 Jh. zählten verschwörungstheoretiker zur Elite und waren nicht dumm 
(Machtpolitik)","
- 189: zählten zur Elite und sind nicht dumm

- Machtpolitik > wollen Macht mit Machttheorien 

- Verbreitung nicht über nachrichten ",,2,2,2,2,1,2,2,4,4,4,4,5,4,4,2,1,17,,1,,,,,,,,,127,40,81,94,45,187,104,69,720,3/3/2021 9:34,1,8,8,0,0,"0,69",0
299,U1,3/3/2021 9:24,2,3,Detlefsengymnasium,me,2,17,me0217,2,"
-Corona gebe es gar nicht
-der Impstoff solle uns alle chippen und dann überwachen können
","
dazu weiß ich leider nichts",2,2,3,3,2,2,2,2,2,4,4,3,3,2,5,,1,17,,1,,,,,,,,,78,43,32,69,16,86,148,68,540,3/3/2021 9:33,1,8,8,0,0,"1,05",8
294,U1,3/3/2021 9:22,2,3,Detlefsengymnasium Glückstadt,Me,5,23,Me0523,2,"Verschwörungstheorien:
qAnon
Der Staat kontrolliert angeblich alles -""Deep State""
Kleinstkinder werden vermeintlich gequält für Adrenochrom.
Donald Trump als ""Messias""

9/11 Verschwörung
9/11 soll angeblich gezielt von den USA durchgeführt worden sein, um den darauffolgenden Irakkrieg zu legitimisieren.

Area 51
Area 51 soll angeblich als geheimer Kontaktort mit auserirdischen Lebensformen dienen.

Der Tod von Hitler
Hitler soll vermeintlicherweise nicht durch suizid gestorben sein, sondern per U-Boot nach Argentinien geflohen und dort bis zum tod durch Altersschwäche verdeckt gelebt haben.

JFK-Attentat
Eine angebliche verschwörung zwischen Mafia und CIA oder Fidel Castro werden für das Attentat verantwortlich gemacht.

Jeffery Epstein
Wurde verurteilt und starb in seiner Zelle. Theoretiker munkeln, dass er keinen Suizid begangen hat, sondern getötet wurde damit er keine Aussage geben kann.","Viele Verschwörungstheorien beruhen nur auf Spekulationen oder wirren angeblichen Beweisen, die durch das aus dem Kontext reißen von Informationen entstehen",3,4,3,2,4,4,5,4,4,3,3,3,4,4,3,3,2,16,,1,,,,,,,,,71,32,20,36,38,486,56,22,761,3/3/2021 9:34,1,8,8,0,0,"1,26",20
230,U1,3/1/2021 12:51,2,3,Detlefsengymnasium Glückstadt,Me,7,18,Me0718,2,"Corona Impfungen greifen DNA an
Bei Corona Impfung Chip eingepflanzt
Bill Gates will Menschheit versklaven
Erde ist flach
World Trade Center wurde gesprengt
Juden wollen Weltherrschaft 
Hitler lebt noch in Südamerika","Einfache Lösungen für komplexe Themen
Die Mehrheit soll die Wahrheit nicht erkennen. Nur die Verschwörungstheoretiker sind aufgeklärt
Es gibt die bösen , reichen Menschen, die über die Welt herrschen wollen
Regierungen sind immer Schuld",4,4,5,1,3,2,4,2,3,4,1,3,3,5,4,2,2,17,,1,,,,,,,,,82,43,62,91,36,224,136,60,734,3/1/2021 13:03,1,8,8,0,0,"0,72",0
242,U1,3/1/2021 12:51,2,3,Detlefsen Gymnasium ,Ni,8,26,Ni0826,2,"-Corona sei eine Lüge, wohl keine Freiheit mehr für die Bürger
-Area 51, Experimente und Kommunikation mit Außerirdischen 
-Attentat auf John F. Kennedy, kein Einzeltäter sondern eine Organisation ",#NAME?,,4,4,1,2,2,2,1,4,4,2,3,4,,3,,2,17,,1,,,,,,,,,96,33,38,62,21,242,128,52,672,3/1/2021 13:02,1,8,8,0,0,"0,88",1
190,U1,2/22/2021 8:01,2,3,Friedrich-Paulsen Schule,Ni,11,23,Ni1123,2,"Eine Elite der Gesellschaft trinkt Kinderblut, um unsterblich zu werden
Impfen ist eine Verschwörung von Bill Gates der uns alle chippen möchte und mit Riesenechsen auch noch was zu tun hat.
Corona ist eine Erfindung der Bundesregierung, um die Grundrechte zu minimieren.","Sie beziehen sich auf Menschen des öffentlichen Lebens/große Konzerne.
Sehr absurd
Sind polarisierend",2,4,4,2,3,2,3,3,5,3,4,4,5,5,3,2,1,17,,1,,,,,,,,,105,37,59,87,24,218,59,57,646,2/22/2021 8:12,1,8,8,0,0,"0,86",3
240,U1,3/1/2021 12:51,2,3,Detlefsengymnasium Glückstadt,Ni,12,29,Ni1229,2,"Der Impfstoff würde eine zweite DNA einpflanzen
Die Impfung zerstört die DNA
Corona ist absichtlich entstanden (von Reichen ausgesetzt um Geld zu machen)
Hitler sei noch am Leben
","Beschäftigen sich immer mit Leid, Bösem, etc.
Finden oft viele Anhänger
Einfache Lösungen für schwierige Themen
Staat bekommt oft die Schuld
",4,4,5,1,2,2,4,2,3,5,1,3,3,5,5,2,2,17,,1,,,,,,,,,80,48,61,90,31,237,132,54,733,3/1/2021 13:03,1,8,8,0,0,"0,73",0
189,U1,2/22/2021 8:01,2,3,Friedrich-Paulsen-Schule,Ol,9,15,Ol0915,2,"-Die COVID-Pandemie soll durch eine fehlgeschlagene Biowaffe sein enstanden sein. 

-Bekannte Morde (Marilyn Monroe, 2Pac, etc...) sollen von der Regierung geplant worden sein. ","Vertuschung der Taten durch die Regierung zum Erhalten der Machtverhältnisse.

Profit oder Machtgier seien Motive für die angeblichen Taten",3,4,4,1,3,2,3,4,4,5,3,4,4,4,4,3,2,18,,1,,,,,,,,,74,36,44,76,38,179,73,39,559,2/22/2021 8:10,1,8,8,0,0,"0,94",3
245,U1,3/1/2021 12:51,2,3,Detlefsengymnasium Glückstadt,Pe,10,27,Pe1027,2,"COVID9 -> Virus wurde angeblich im Labor hergestellt 

Wahl zum US-Präsidenten-> angeblich wurde die Wahl manipuliert ",#NAME?,2,2,3,1,4,1,1,2,4,4,2,4,4,4,5,2,1,17,,1,,,,,,,,,82,40,35,41,17,134,65,51,465,3/1/2021 12:59,1,8,8,0,0,"1,12",7
111,U1,2/18/2021 8:02,2,3,Friedrich-Paulsen-Schule Niebüll,Si,1,17,Si0117,2,"Michael Jacksons Tod sei vorgetäuscht.
Klimawandel sei nicht real. 
11. September Terroranschlag sei geplant.
Covid9 sei in einem Labor erzeugt sein.
Holocaustleugnung
John F Kennedy Attentat geplant von Mafia,...
Men in Black sei real.
","Wenig bis keine Beweise zum Überprüfen. 
Täuschung vieler Menschen.",3,4,4,2,2,1,3,2,4,1,1,2,3,4,1,,1,17,,1,,,,,,,,,45,35,22,46,35,255,194,46,678,2/18/2021 8:13,1,8,8,0,0,"1,05",11
121,U1,2/18/2021 8:02,2,3,Friedrich-Paulsen-Schule,So,4,19,So0419,2,"-inszenierte Impfungen
-Aliens
-Deutschland wäre eine Diktatur, bzw. Unrechtsstaat (bezogen auf Corona-Pandemie)
-9/11 wäre durch US-Regierung eingeleitet
-Klimawandelleugner
-Hitler wäre nicht Tod, sondern nach Argentinien ausgewandert",#NAME?,3,5,4,2,2,2,4,4,4,4,4,4,5,5,4,2,2,17,,1,,,,,,,,,80,50,34,39,11,237,164,38,653,2/18/2021 8:13,1,8,8,0,0,"1,05",8
287,U1,3/3/2021 9:22,2,3,Detlefsen Gymnasium,So,8,23,So0823,2,#NAME?,Sie sind nicht Faktenbassierend ,4,4,4,1,3,2,4,3,5,3,4,3,4,4,5,2,2,17,,1,,,,,,,,,103,27,42,85,45,383,65,56,779,3/3/2021 9:35,1,8,8,0,0,"0,84",5
232,U1,3/1/2021 12:51,2,3,Detlefsengymnasium Glückstadt ,Ta,6,8,Ta0608,2,"Ich persönlich kenne mich mit Verschwörungstheorien gar nicht aus und mir fallen auch fast keine ein...

Ich bin der Meinung, dass ich mal irgendwo (Wahrscheinlich auf einer Social Media Plattform ) gelesen habe, dass die Terroranschläge am 11.september 2011 von US-amerikanischen Geheimdiensten wissenschaftlich zugelassen wurden. 

Des Weiteren existiert die Theorie, dass COVID9 in einem chinesischen oder von Bill Gates finanziertem Labor erzeugt worden sei. 

Ich bin mir nicht sicher, ob das auch eine Verschwörungstheorie ist, aber es wird behauptet, dass die Präsidentschaftswahl in den vereinigten Staaten 2020 zu Trump's Ungunsten manipuliert worden sei. Die Wahl wäre im ""gestohlen"" worden.

Mehr fällt mir nicht ein :) ",Sie sind oft mit schlechten ( Ansichtssache ) Ereignissen verbunden. Viele menschen wollen dies nicht wahrhaben und erfinden deshalb etwas.,3,4,3,1,3,1,2,1,2,,3,3,4,3,2,,1,17,,1,,,,,,,,,83,44,30,39,16,495,52,34,793,3/1/2021 13:04,1,8,8,0,0,"1,11",11
236,U1,3/1/2021 12:51,2,3,Detlefsengymnasium Glückstadt,TA,6,22,TA0622,2,#NAME?,"- keine faktenorientierten Argumentationen

- basierend auf fotos,zitaten,... die falsch aufgefasst werden
+",2,4,4,3,2,1,2,2,4,3,3,2,3,4,5,2,1,16,,1,,,,,,,,,71,42,46,54,32,223,119,50,637,3/1/2021 13:01,1,8,8,0,0,"0,86",1
288,U1,3/3/2021 9:22,2,3,Detlefsengymnasium ,Ta,25,15,Ta2515,2,"Corona-Impfung: Bevölkerung wird eigentlich gechipt

Corona gibt es in Wirklichkeit nicht 

Es gibt keinen menschenverursachten Klimawandel","etwas wird als nicht real bezeichnet

Erklärung zu Dingen, für die es noch keine Erklärung gibt",,3,4,1,4,1,2,2,3,,4,2,2,4,4,,1,17,,1,,,,,,,,,79,46,60,112,43,324,104,63,806,3/3/2021 9:35,1,8,8,0,0,"0,68",0
180,U1,2/22/2021 8:01,2,3,Friedrich-Paulsen-Schule,Ve,7,10,Ve0710,2,"Corona Verschwörung 
QAnon
9/11
Pizzagate
Klimawandel
Reptiloide 
Area 51
Tod von bekannten Personen (Micheal Jackson, Lady Diana...)","Es handelt immer um Aktuelle Geschehnisse
Meist gegen Politik/Politiker 
",4,4,4,2,3,2,5,3,4,2,1,4,5,5,3,4,2,17,,1,,,,,,,,,72,31,34,73,10,156,115,35,526,2/22/2021 8:09,1,8,8,0,0,"1,14",10
115,U1,2/18/2021 8:02,2,3,Friedrich-Paulsen-Schule,Wa,10,5,Wa1005,2,"- COVID 19 und seine Mutationen- das ist ein „Viruskrieg“, den die mächtigen Staaten angefangen haben. 

- Es gibt eine geheime Gruppe von Menschen, die eigentlich die Welt regiert. ",#NAME?,2,3,4,4,4,1,2,3,5,3,2,5,5,4,,4,1,18,,1,,,,,,,,,75,43,52,69,14,222,172,77,724,2/18/2021 8:14,1,8,8,0,0,"0,83",2
